Date,Price,Open,High,Low,Vol.,Change %
1/3/2017,36.6,36.61,36.93,36.27,20.20M,0.91%
1/4/2017,36.41,36.71,36.77,36.34,15.92M,-0.52%
1/5/2017,36.35,36.45,36.72,36.3,13.99M,-0.16%
1/6/2017,36.48,36.46,36.68,36.19,15.11M,0.36%
1/9/2017,36.61,36.48,36.88,36.48,19.46M,0.36%
1/10/2017,36.54,36.55,36.93,36.53,15.92M,-0.19%
1/11/2017,36.95,36.51,37,36.51,22.40M,1.12%
1/12/2017,36.71,36.83,36.83,36.32,20.39M,-0.65%
1/13/2017,36.79,36.71,36.86,36.62,15.07M,0.22%
1/17/2017,36.8,36.67,36.83,36.59,20.20M,0.03%
1/18/2017,36.76,36.89,37.01,36.61,15.38M,-0.11%
1/19/2017,36.57,36.51,36.91,36.51,13.65M,-0.52%
1/20/2017,36.94,36.76,37.03,36.58,23.95M,1.01%
1/23/2017,36.77,37.07,37.21,36.55,27.75M,-0.46%
1/24/2017,37.62,36.84,37.74,36.81,35.14M,2.31%
1/25/2017,37.8,37.87,38,37.52,32.36M,0.48%
1/26/2017,37.56,37.82,37.92,37.42,34.14M,-0.63%
1/27/2017,37.98,38,38.45,37.81,44.37M,1.12%
1/30/2017,37.42,37.74,37.84,37.33,23.95M,-1.47%
1/31/2017,36.82,37.22,37.37,36.64,27.06M,-1.60%
2/1/2017,36.52,36.82,36.95,36.02,28.38M,-0.81%
2/2/2017,36.68,36.26,36.7,36.2,31.92M,0.44%
2/3/2017,36.52,36.69,36.82,36.45,21.04M,-0.44%
2/6/2017,36.27,36.51,36.51,36.15,21.43M,-0.68%
2/7/2017,36.35,36.45,36.52,36.24,18.58M,0.22%
2/8/2017,36.38,36.34,36.65,36.14,20.81M,0.08%
2/9/2017,35.46,36.5,36.5,35.4,47.80M,-2.53%
2/10/2017,35.34,35.26,35.43,34.84,44.11M,-0.34%
2/13/2017,35.8,35.57,35.85,35.34,28.18M,1.30%
2/14/2017,35.93,35.84,35.96,35.53,25.73M,0.36%
2/15/2017,36.05,35.98,36.06,35.67,18.45M,0.33%
2/16/2017,36.41,36.18,36.56,36.1,21.32M,1.00%
2/17/2017,36.48,36.32,36.48,36.1,18.91M,0.19%
2/21/2017,36.52,36.53,36.65,36.33,20.56M,0.11%
2/22/2017,36.07,36.34,36.4,35.79,29.90M,-1.23%
2/23/2017,36.18,36.24,36.3,35.9,22.77M,0.30%
2/24/2017,36.53,36.14,36.53,35.95,18.62M,0.97%
2/27/2017,36.51,36.42,36.68,36.27,14.07M,-0.05%
2/28/2017,36.2,36.42,36.46,36,24.98M,-0.85%
3/1/2017,35.93,35.85,36.1,35.44,34.09M,-0.75%
3/2/2017,35.91,35.93,36.02,35.65,23.60M,-0.06%
3/3/2017,35.9,35.94,36.09,35.67,17.54M,-0.03%
3/6/2017,35.57,35.79,35.8,35.42,24.42M,-0.92%
3/7/2017,35.8,35.54,35.8,35.38,23.43M,0.65%
3/8/2017,35.62,35.67,35.9,35.52,20.92M,-0.50%
3/9/2017,35.82,35.6,35.94,35.5,23.62M,0.56%
3/10/2017,35.91,36.12,36.3,35.78,25.40M,0.25%
3/13/2017,35.16,35.85,36.04,34.94,53.58M,-2.09%
3/14/2017,35.18,35.06,35.23,34.66,28.59M,0.06%
3/15/2017,35.1,34.94,35.17,34.68,28.00M,-0.23%
3/16/2017,35.14,35.17,35.36,35.07,19.62M,0.11%
3/17/2017,35.27,35.31,35.33,35.1,30.78M,0.37%
3/20/2017,35.43,35.37,35.63,35.26,17.32M,0.45%
3/21/2017,35.04,35.59,35.6,35,22.81M,-1.10%
3/22/2017,35.37,35.22,35.46,35,19.14M,0.94%
3/23/2017,35.27,35.49,35.49,35.02,20.64M,-0.28%
3/24/2017,35.16,35.65,35.73,35.12,22.19M,-0.31%
3/27/2017,35.39,35.07,35.5,34.94,16.99M,0.65%
3/28/2017,35.6,35.34,35.71,35.21,18.40M,0.59%
3/29/2017,35.57,35.52,35.7,35.44,17.20M,-0.08%
3/30/2017,35.75,35.58,35.89,35.52,16.43M,0.51%
3/31/2017,36.07,35.75,36.25,35.74,21.44M,0.90%
4/3/2017,36.16,36.19,36.74,36.12,32.01M,0.25%
4/4/2017,36.28,36.12,36.38,35.99,18.92M,0.33%
4/5/2017,36.22,36.43,36.76,36.17,22.46M,-0.17%
4/6/2017,36.03,36.13,36.28,36.03,20.20M,-0.52%
4/7/2017,36.03,36.07,36.32,35.98,15.69M,0.00%
4/10/2017,35.8,36.02,36.09,35.61,19.97M,-0.64%
4/11/2017,35.74,35.77,35.79,35.21,22.71M,-0.17%
4/12/2017,35.63,35.87,36.01,35.5,19.29M,-0.31%
4/13/2017,35.25,35.55,35.76,35.25,15.76M,-1.07%
4/17/2017,35.48,35.44,35.59,35.33,12.56M,0.65%
4/18/2017,35.77,35.43,35.81,35.3,12.32M,0.82%
4/19/2017,35.91,35.97,36.22,35.89,16.59M,0.39%
4/20/2017,36.18,36.18,36.27,35.86,22.97M,0.75%
4/21/2017,36.32,36.2,36.42,35.85,20.39M,0.39%
4/24/2017,36.75,36.67,36.85,36.46,26.31M,1.18%
4/25/2017,36.87,36.77,37,36.66,22.07M,0.33%
4/26/2017,36.93,36.78,37.23,36.78,27.24M,0.16%
4/27/2017,37.43,36.87,37.5,36.78,39.89M,1.35%
4/28/2017,36.15,36.1,36.48,35.88,56.77M,-3.42%
5/1/2017,36.31,36.11,36.4,35.94,24.83M,0.44%
5/2/2017,36.97,36.37,37.03,36.35,35.81M,1.82%
5/3/2017,36.98,36.72,37.17,36.62,22.04M,0.03%
5/4/2017,36.85,36.99,37.11,36.64,16.44M,-0.35%
5/5/2017,36.82,36.86,36.93,36.5,18.12M,-0.08%
5/8/2017,36.54,36.73,36.85,36.48,17.66M,-0.76%
5/9/2017,36.37,36.48,36.75,36.28,17.82M,-0.47%
5/10/2017,36.01,36.27,36.38,35.93,25.13M,-0.99%
5/11/2017,35.69,35.91,36,35.45,21.51M,-0.89%
5/12/2017,35.53,35.72,35.74,35.4,19.73M,-0.45%
5/15/2017,35.63,35.53,35.72,35.42,22.12M,0.28%
5/16/2017,35.82,35.75,35.89,35.42,22.29M,0.53%
5/17/2017,35.04,35.67,35.99,35.02,26.67M,-2.18%
5/18/2017,35.22,35.19,35.47,35.08,17.17M,0.51%
5/19/2017,35.4,35.15,35.55,35.13,18.34M,0.51%
5/22/2017,35.77,35.48,36.11,35.38,14.64M,1.05%
5/23/2017,35.86,35.87,35.99,35.56,16.90M,0.25%
5/24/2017,36.12,35.98,36.18,35.89,20.86M,0.73%
5/25/2017,36.26,36.12,36.39,36.06,13.15M,0.39%
5/26/2017,36.26,36.26,36.33,36.13,11.15M,0.00%
5/30/2017,36.18,36.27,36.44,36.09,13.03M,-0.22%
5/31/2017,36.11,36.31,36.38,35.87,17.74M,-0.19%
6/1/2017,36.12,36.12,36.13,35.8,17.51M,0.03%
6/2/2017,36.32,36.27,36.33,36,19.13M,0.55%
6/5/2017,36.34,36.3,36.5,36.2,11.69M,0.06%
6/6/2017,36.13,36.16,36.45,35.98,18.42M,-0.58%
6/7/2017,36.26,36.13,36.57,36.1,17.19M,0.36%
6/8/2017,36.48,36.34,36.53,36.16,17.15M,0.61%
6/9/2017,35.71,36.5,36.56,35.31,33.32M,-2.11%
6/12/2017,35.73,35.59,36.01,35.41,28.49M,0.06%
6/13/2017,35.88,35.68,35.95,35.53,20.59M,0.42%
6/14/2017,35.53,35.99,36.05,35.22,19.15M,-0.98%
6/15/2017,35.31,35.21,35.48,35.14,20.41M,-0.62%
6/16/2017,35.21,35.28,35.33,35.01,30.76M,-0.28%
6/19/2017,35.51,35.61,35.61,35.32,21.58M,0.85%
6/20/2017,34.86,35.45,35.45,34.84,21.54M,-1.83%
6/21/2017,34.58,34.33,34.6,34.09,27.14M,-0.80%
6/22/2017,34.36,34.56,34.63,34.29,24.60M,-0.64%
6/23/2017,34.19,34.21,34.55,34.09,29.26M,-0.49%
6/26/2017,34.07,34.26,34.51,34.03,18.85M,-0.35%
6/27/2017,33.65,34,34.15,33.65,27.08M,-1.23%
6/28/2017,34.2,33.77,34.24,33.74,25.94M,1.63%
6/29/2017,33.54,33.92,34.1,33.34,25.22M,-1.93%
6/30/2017,33.74,33.87,33.93,33.53,24.43M,0.60%
7/3/2017,33.46,33.51,34.03,33.43,12.68M,-0.83%
7/5/2017,34.34,33.52,34.43,33.48,30.01M,2.63%
7/6/2017,33.63,34.12,34.29,33.56,20.73M,-2.07%
7/7/2017,33.88,33.7,34.12,33.7,18.30M,0.74%
7/10/2017,33.65,33.25,33.74,33.23,29.92M,-0.68%
7/11/2017,33.92,33.64,33.93,33.43,25.74M,0.80%
7/12/2017,34.25,34.28,34.39,33.94,23.77M,0.97%
7/13/2017,34.24,34.33,34.4,34.12,15.05M,-0.03%
7/14/2017,34.68,34.48,34.71,34.27,16.32M,1.29%
7/17/2017,34.47,34.74,34.74,34.36,21.04M,-0.61%
7/18/2017,34.53,34.43,34.58,34.25,14.36M,0.17%
7/19/2017,34.56,34.68,34.68,34.46,17.04M,0.09%
7/20/2017,34.75,34.54,34.84,34.48,17.51M,0.55%
7/21/2017,34.73,34.54,34.82,34.4,22.25M,-0.06%
7/24/2017,34.5,34.73,34.8,34.38,16.15M,-0.66%
7/25/2017,34.67,34.55,34.73,34.4,18.10M,0.49%
7/26/2017,34.75,34.7,34.97,34.59,15.50M,0.23%
7/27/2017,34.97,34.78,35.25,34.67,43.06M,0.63%
7/28/2017,35.31,35.13,35.86,35,36.29M,0.97%
7/31/2017,35.47,35.47,35.74,35.32,27.06M,0.45%
8/1/2017,36.35,35.66,36.43,35.57,38.71M,2.48%
8/2/2017,36.64,36.33,36.67,36.05,35.00M,0.80%
8/3/2017,36.49,36.55,36.59,36.15,26.61M,-0.41%
8/4/2017,36.3,36.45,36.56,36.1,20.52M,-0.52%
8/7/2017,36.43,36.39,36.55,36.22,18.17M,0.36%
8/8/2017,36.41,36.37,36.7,36.3,22.82M,-0.05%
8/9/2017,36.59,36.28,36.66,36.02,22.80M,0.49%
8/10/2017,36.14,36.4,36.56,36.11,22.69M,-1.23%
8/11/2017,35.87,36.26,36.4,35.79,19.28M,-0.75%
8/14/2017,36.34,36.12,36.47,36.08,18.47M,1.31%
8/15/2017,36,36.3,36.32,35.81,21.71M,-0.94%
8/16/2017,35.81,35.98,36.07,35.56,22.01M,-0.53%
8/17/2017,35.17,35.6,35.68,35.17,19.52M,-1.79%
8/18/2017,35.01,35.29,35.31,34.99,16.23M,-0.45%
8/21/2017,34.92,35.09,35.28,34.7,26.49M,-0.26%
8/22/2017,34.65,35.02,35.19,34.62,26.10M,-0.77%
8/23/2017,34.66,34.54,34.81,34.38,19.65M,0.03%
8/24/2017,34.71,34.7,34.89,34.55,14.30M,0.14%
8/25/2017,34.67,34.82,34.93,34.58,14.73M,-0.12%
8/28/2017,34.65,34.78,34.8,34.59,20.71M,-0.06%
8/29/2017,34.73,34.51,34.75,34.45,15.84M,0.23%
8/30/2017,34.89,34.75,34.96,34.63,18.57M,0.46%
8/31/2017,35.07,34.94,35.18,34.87,16.37M,0.52%
9/1/2017,35.09,35.24,35.39,35.07,12.82M,0.06%
9/5/2017,35.02,35.02,35.33,34.93,19.30M,-0.20%
9/6/2017,35.76,35.22,35.94,35.11,28.08M,2.11%
9/7/2017,35.54,35.88,35.95,35.33,16.30M,-0.62%
9/8/2017,35.19,35.42,35.54,35.08,14.13M,-0.98%
9/11/2017,35.77,35.49,36,35.14,20.04M,1.65%
9/12/2017,36.09,35.88,36.34,35.74,19.49M,0.89%
9/13/2017,36.33,36,36.4,35.97,15.51M,0.67%
9/14/2017,36.48,36.19,36.7,36.16,18.09M,0.41%
9/15/2017,37,36.55,37.08,36.22,33.60M,1.43%
9/18/2017,37,37,37.33,36.8,19.39M,0.00%
9/19/2017,37.23,37.2,37.3,37.02,23.85M,0.62%
9/20/2017,37.07,37.23,37.29,36.66,23.96M,-0.43%
9/21/2017,37.2,36.99,37.27,36.85,22.95M,0.35%
9/22/2017,37.18,36.95,37.22,36.95,21.63M,-0.05%
9/25/2017,37.16,37.05,37.23,36.85,23.18M,-0.05%
9/26/2017,37.47,37.21,37.64,37,29.79M,0.83%
9/27/2017,37.54,37.62,37.69,37.1,25.98M,0.19%
9/28/2017,37.83,37.32,37.88,37.29,21.17M,0.77%
9/29/2017,38.08,37.84,38.15,37.7,23.22M,0.66%
10/2/2017,39.04,38.12,39.09,38.08,37.39M,2.52%
10/3/2017,39.38,38.95,39.7,38.95,34.00M,0.87%
10/4/2017,39.34,39.39,39.4,38.86,28.37M,-0.10%
10/5/2017,39.53,39.5,39.65,39.21,17.71M,0.48%
10/6/2017,39.63,39.6,39.89,39.42,18.89M,0.25%
10/9/2017,39.86,39.68,39.88,39.52,18.49M,0.58%
10/10/2017,39.65,39.93,39.95,39.38,29.89M,-0.53%
10/11/2017,39.3,39.48,39.67,39.06,30.75M,-0.88%
10/12/2017,39.19,39.35,39.39,38.98,18.29M,-0.28%
10/13/2017,39.67,39.44,39.81,39.28,16.83M,1.22%
10/16/2017,39.76,39.71,39.79,39.44,12.49M,0.23%
10/17/2017,39.79,39.56,39.87,39.37,15.53M,0.08%
10/18/2017,40.25,39.8,40.29,39.6,21.42M,1.16%
10/19/2017,40.09,39.88,40.33,39.83,19.22M,-0.40%
10/20/2017,40.43,40.33,40.45,40.1,18.34M,0.85%
10/23/2017,40.83,40.55,41.04,40.4,28.65M,0.99%
10/24/2017,40.95,41,41.05,40.72,19.65M,0.29%
10/25/2017,40.78,40.89,41.05,40.49,24.03M,-0.42%
10/26/2017,41.35,40.91,41.58,40.71,38.25M,1.40%
10/27/2017,44.4,43.3,45,43.1,90.03M,7.38%
10/30/2017,44.37,44.48,45.19,43.88,48.16M,-0.07%
10/31/2017,45.49,45.2,45.8,44.65,47.00M,2.52%
11/1/2017,46.71,45.97,46.71,45.59,47.81M,2.68%
11/2/2017,47.1,46.61,47.23,46.21,44.60M,0.83%
11/3/2017,46.34,47.2,47.3,45.6,39.30M,-1.61%
11/6/2017,46.7,46.6,46.74,46.09,34.03M,0.78%
11/7/2017,46.78,46.7,47.09,46.39,24.46M,0.17%
11/8/2017,46.7,46.62,46.7,46.28,21.57M,-0.17%
11/9/2017,46.3,46.05,46.39,45.65,25.57M,-0.86%
11/10/2017,45.58,46.04,46.09,45.38,24.10M,-1.56%
11/13/2017,45.75,45.26,45.94,45.25,19.00M,0.37%
11/14/2017,45.86,45.7,45.92,45.32,22.20M,0.24%
11/15/2017,45.46,45.39,45.8,45.17,17.16M,-0.87%
11/16/2017,45.65,45.63,46.07,45.46,26.44M,0.42%
11/17/2017,44.63,45.5,45.62,44.62,63.80M,-2.23%
11/20/2017,44.62,44.73,45.12,44.5,22.42M,-0.02%
11/21/2017,44.94,44.72,45.22,44.71,21.87M,0.72%
11/22/2017,44.65,44.94,44.95,44.53,19.54M,-0.65%
11/24/2017,44.75,44.55,44.77,44.43,6.47M,0.22%
11/27/2017,44.49,44.42,44.61,44.27,18.20M,-0.58%
11/28/2017,44.73,44.65,44.84,44.32,20.19M,0.54%
11/29/2017,43.95,44.85,45.09,43.77,27.04M,-1.74%
11/30/2017,44.84,44.36,45.2,44.33,34.15M,2.03%
12/1/2017,44.68,44.73,44.84,43.53,26.66M,-0.36%
12/4/2017,44.49,45.02,45.3,44.33,28.00M,-0.43%
12/5/2017,43.44,44.6,44.9,43.23,30.63M,-2.36%
12/6/2017,43.45,43.14,43.72,42.67,27.71M,0.02%
12/7/2017,43.08,43.46,43.6,42.78,32.71M,-0.85%
12/8/2017,43.35,43.35,43.58,43.11,23.15M,0.63%
12/11/2017,43.66,43.28,43.78,43.25,20.43M,0.72%
12/12/2017,43.33,43.47,43.62,43.08,16.56M,-0.76%
12/13/2017,43.34,43.65,43.66,43.24,21.40M,0.02%
12/14/2017,43.26,43.43,43.57,43.02,19.64M,-0.18%
12/15/2017,44.56,43.4,44.84,43.07,47.48M,3.01%
12/18/2017,46.26,45.15,46.35,45.04,50.37M,3.82%
12/19/2017,47.04,46.3,47.26,45.89,41.42M,1.69%
12/20/2017,47.56,47.47,47.64,46.66,40.93M,1.11%
12/21/2017,46.76,47.54,47.59,46.56,42.96M,-1.68%
12/22/2017,46.7,46.33,47.02,46.02,33.91M,-0.13%
12/26/2017,46.08,46.28,46.47,45.95,15.53M,-1.33%
12/27/2017,46.11,46.11,46.36,46,13.36M,0.07%
12/28/2017,46.22,46.36,46.36,45.95,9.50M,0.24%
12/29/2017,46.16,46.21,46.49,46.09,17.39M,-0.13%
1/2/2018,46.85,46.38,46.9,46.21,23.37M,1.49%
1/3/2018,45.26,45.47,46.21,43.65,116.48M,-3.39%
1/4/2018,44.43,43.52,44.65,42.69,89.21M,-1.83%
1/5/2018,44.74,44.43,45.15,43.9,41.82M,0.70%
1/8/2018,44.74,44.27,44.84,43.96,33.73M,0.00%
1/9/2018,43.62,44.7,44.84,43.49,44.28M,-2.50%
1/10/2018,42.5,43.33,43.6,42.44,45.73M,-2.57%
1/11/2018,43.41,42.8,43.58,42.45,35.37M,2.14%
1/12/2018,43.24,43.45,43.6,43.01,29.97M,-0.39%
1/16/2018,43.14,43.55,43.79,42.88,38.37M,-0.23%
1/17/2018,44.39,43.55,44.45,43.51,32.37M,2.90%
1/18/2018,44.48,44.4,44.73,44.17,26.83M,0.20%
1/19/2018,44.82,44.62,44.89,44.25,25.78M,0.76%
1/22/2018,45.75,44.8,45.79,44.79,27.71M,2.07%
1/23/2018,46.06,45.81,46.09,45.63,22.14M,0.68%
1/24/2018,45.51,45.9,46.13,44.96,32.46M,-1.19%
1/25/2018,45.3,45.88,46.37,45.17,36.76M,-0.46%
1/26/2018,50.08,48.38,50.15,48.12,86.92M,10.55%
1/29/2018,49.98,49.6,50.85,49.37,46.30M,-0.20%
1/30/2018,48.79,49.48,50.06,48.74,32.81M,-2.38%
1/31/2018,48.14,49.23,49.25,47.56,41.62M,-1.33%
2/1/2018,47.65,47.7,48.47,47.45,28.84M,-1.02%
2/2/2018,46.15,47.32,47.79,46.1,28.66M,-3.15%
2/5/2018,44.52,46.35,47.26,44.5,47.87M,-3.53%
2/6/2018,44.91,44.02,44.93,43.03,58.15M,0.88%
2/7/2018,45.2,44.58,46.3,44.34,37.51M,0.65%
2/8/2018,42.75,45.28,45.42,42.74,43.15M,-5.42%
2/9/2018,43.95,43.5,44.28,42.04,49.30M,2.81%
2/12/2018,44.83,44.15,45.16,44.09,28.38M,2.00%
2/13/2018,44.46,44.59,44.77,44.26,19.52M,-0.83%
2/14/2018,45.38,44.07,45.51,44.04,19.92M,2.07%
2/15/2018,45.92,45.88,45.99,44.95,23.54M,1.19%
2/16/2018,45.56,45.81,46.59,45.51,21.48M,-0.78%
2/20/2018,46.32,45.46,46.71,45.39,25.51M,1.67%
2/21/2018,45.94,46.67,47.06,45.92,27.53M,-0.82%
2/22/2018,45.8,46.14,46.56,45.62,16.95M,-0.30%
2/23/2018,47.73,46.34,47.79,46.3,26.04M,4.21%
2/26/2018,49.11,48.2,49.13,48.1,26.99M,2.89%
2/27/2018,49.91,49.37,50.9,49.31,43.62M,1.63%
2/28/2018,49.29,50.18,50.34,49.28,35.54M,-1.24%
3/1/2018,47.84,49.5,49.72,47.47,36.33M,-2.94%
3/2/2018,48.98,47.2,49.05,46.96,33.31M,2.38%
3/5/2018,49.75,48.57,49.8,48.04,30.83M,1.57%
3/6/2018,50.71,50.16,51.33,50.15,39.13M,1.93%
3/7/2018,51.32,50.18,51.48,50.1,31.80M,1.20%
3/8/2018,50.74,51.79,52.08,50.47,29.48M,-1.13%
3/9/2018,52.19,51.27,52.3,51,32.73M,2.86%
3/12/2018,51.52,51.86,51.95,50.5,32.04M,-1.28%
3/13/2018,51.78,52.52,53.78,51.39,45.57M,0.50%
3/14/2018,51.86,52.06,52.17,51.31,24.99M,0.15%
3/15/2018,50.88,52.23,52.3,50.88,25.63M,-1.89%
3/16/2018,51.17,51.17,51.7,50.99,42.56M,0.57%
3/19/2018,50.83,50.74,51.23,49.93,31.12M,-0.66%
3/20/2018,51.55,50.88,51.81,50.85,22.21M,1.42%
3/21/2018,51.56,51.55,52.17,51.17,23.24M,0.02%
3/22/2018,50.83,50.74,51.96,50.6,30.92M,-1.42%
3/23/2018,49.36,50.59,50.99,49.36,37.68M,-2.89%
3/26/2018,52.48,50.74,52.49,50.32,39.31M,6.32%
3/27/2018,51.19,53.01,53.25,50.78,38.78M,-2.46%
3/28/2018,49.6,50.5,50.7,49.01,37.97M,-3.11%
3/29/2018,52.08,49.98,52.08,49.87,45.27M,5.00%
4/2/2018,48.92,51.69,52.04,47.29,67.19M,-6.07%
4/3/2018,49.75,49,49.96,48.41,39.43M,1.70%
4/4/2018,49.99,48.1,50.16,48.01,30.37M,0.48%
4/5/2018,50.38,50.01,50.72,49.97,25.12M,0.78%
4/6/2018,48.79,49.79,50.4,48.5,28.22M,-3.16%
4/9/2018,49.55,49.16,51.11,49.16,31.44M,1.56%
4/10/2018,51.27,51.12,51.49,50.34,26.42M,3.47%
4/11/2018,51.1,50.99,51.73,50.82,17.57M,-0.33%
4/12/2018,52.72,51.49,53.27,51.45,29.78M,3.17%
4/13/2018,51.86,53.06,53.21,51.6,20.88M,-1.63%
4/16/2018,52.4,52.29,52.53,51.79,18.86M,1.04%
4/17/2018,53.54,52.91,53.7,52.89,21.23M,2.18%
4/18/2018,53.61,53.52,54.35,53.34,22.16M,0.13%
4/19/2018,52.22,52.95,52.96,51.61,25.42M,-2.59%
4/20/2018,51.53,52.17,52.28,50.88,26.91M,-1.32%
4/23/2018,51.1,51.69,51.89,50.85,21.71M,-0.83%
4/24/2018,51.45,51.87,53.64,51.14,42.49M,0.68%
4/25/2018,51.38,51.86,52.1,50.6,25.75M,-0.14%
4/26/2018,53.05,52.26,53.27,52.07,39.58M,3.25%
4/27/2018,52.73,55.44,55.79,52.23,69.89M,-0.60%
4/30/2018,51.62,52.56,53.37,51.21,36.42M,-2.11%
5/1/2018,53.33,51.64,53.42,51.44,27.60M,3.31%
5/2/2018,52.31,53.09,53.2,52.15,25.78M,-1.91%
5/3/2018,52.28,51.89,52.56,51.21,28.56M,-0.06%
5/4/2018,52.78,51.62,52.84,51,25.64M,0.96%
5/7/2018,53.33,52.86,53.58,52.83,20.29M,1.04%
5/8/2018,53.63,53.29,53.63,52.8,21.03M,0.56%
5/9/2018,54.34,53.76,54.37,53.19,19.83M,1.32%
5/10/2018,54.98,54.55,55,54.1,18.72M,1.18%
5/11/2018,54.67,54.62,55.19,54.43,15.41M,-0.56%
5/14/2018,54.9,54.77,55.24,54.74,21.88M,0.42%
5/15/2018,53.92,54.58,54.75,53.56,21.71M,-1.79%
5/16/2018,54.64,54.17,54.7,53.95,16.26M,1.34%
5/17/2018,54.81,54.55,55.44,54.42,16.87M,0.31%
5/18/2018,53.5,54.53,54.54,53.47,23.68M,-2.39%
5/21/2018,54.32,54.36,55.22,53.86,25.37M,1.53%
5/22/2018,54.45,54.73,55.05,54.05,19.01M,0.24%
5/23/2018,55.21,54,55.23,53.84,20.56M,1.40%
5/24/2018,54.75,55.18,55.3,54.13,19.67M,-0.83%
5/25/2018,55.44,54.8,55.5,54.54,18.55M,1.26%
5/29/2018,55.32,55.12,55.81,54.81,24.25M,-0.22%
5/30/2018,55.68,55.89,56.2,55.62,24.71M,0.65%
5/31/2018,55.2,55.67,55.86,55.06,30.96M,-0.86%
6/1/2018,57.08,55.84,57.1,55.8,31.18M,3.41%
6/4/2018,56.83,57.01,57.6,56.77,22.54M,-0.44%
6/5/2018,56.53,56.9,57.12,56.22,21.69M,-0.53%
6/6/2018,57.03,56.53,57.06,56.08,22.96M,0.88%
6/7/2018,55.88,56.92,57,55.62,27.60M,-2.02%
6/8/2018,55.05,55.56,55.7,54.66,30.82M,-1.49%
6/11/2018,54.52,54.8,55.09,54.26,25.75M,-0.96%
6/12/2018,54.82,54.87,55.03,54.22,23.29M,0.55%
6/13/2018,55.03,54.98,55.7,54.91,22.63M,0.38%
6/14/2018,55.54,55.45,55.86,55.18,23.42M,0.93%
6/15/2018,55.11,55.17,55.38,54.58,39.19M,-0.77%
6/18/2018,53.22,54.3,54.3,52.34,40.76M,-3.43%
6/19/2018,52.93,52.14,52.95,51.88,31.78M,-0.54%
6/20/2018,53.46,53.19,53.74,52.69,21.40M,1.00%
6/21/2018,52.19,54.38,54.53,51.94,44.44M,-2.38%
6/22/2018,52.5,52.62,53.09,52.3,34.68M,0.59%
6/25/2018,50.71,51.17,51.75,49.91,45.36M,-3.41%
6/26/2018,49.67,49.95,50.41,49.36,37.54M,-2.05%
6/27/2018,48.76,49.34,50.06,48.75,33.34M,-1.83%
6/28/2018,49.25,48.58,49.49,48.5,29.06M,1.00%
6/29/2018,49.71,49.53,50.11,49.5,28.91M,0.93%
7/2/2018,50.2,49.04,50.27,48.83,23.76M,0.99%
7/3/2018,49.47,50.58,50.86,49.43,16.33M,-1.45%
7/5/2018,50.75,49.98,50.96,49.75,26.16M,2.59%
7/6/2018,51.37,50.77,51.5,50.4,19.97M,1.22%
7/9/2018,51.86,51.64,51.89,51,21.36M,0.95%
7/10/2018,52.16,52.1,52.26,51.84,17.36M,0.58%
7/11/2018,51.2,51.69,51.87,51.19,18.67M,-1.84%
7/12/2018,52.35,52.05,52.48,51.73,20.29M,2.25%
7/13/2018,52.22,52.4,52.42,51.76,13.75M,-0.25%
7/16/2018,52.01,52.15,52.32,51.87,15.95M,-0.40%
7/17/2018,51.75,51.05,51.88,51.01,15.75M,-0.50%
7/18/2018,51.72,51.87,51.97,51.47,14.65M,-0.06%
7/19/2018,51.98,51.6,52.01,51.05,15.95M,0.50%
7/20/2018,51.91,51.83,52.07,51.33,17.39M,-0.13%
7/23/2018,52.31,51.77,52.49,51.33,15.95M,0.77%
7/24/2018,52.18,52.76,53.3,52.08,17.79M,-0.25%
7/25/2018,52.43,52.21,52.45,51.09,19.89M,0.48%
7/26/2018,52.16,52.45,53.18,51.87,28.28M,-0.51%
7/27/2018,47.68,48.76,49.2,47.48,67.82M,-8.59%
7/30/2018,47.69,47.63,47.99,46.43,35.70M,0.02%
7/31/2018,48.1,48.24,48.68,47.69,36.58M,0.86%
8/1/2018,48.81,48.05,48.91,48,28.06M,1.48%
8/2/2018,49.48,48.5,49.52,48.2,26.45M,1.37%
8/3/2018,49.63,49.5,49.78,49.17,22.01M,0.30%
8/6/2018,49.3,48.77,49.31,48.32,26.67M,-0.66%
8/7/2018,49.7,49.43,49.83,49.41,28.32M,0.81%
8/8/2018,49.96,49.6,50.13,49.44,22.00M,0.52%
8/9/2018,50.14,49.86,50.6,49.72,23.80M,0.36%
8/10/2018,48.85,48.51,49.17,48.3,28.71M,-2.57%
8/13/2018,48.45,48.92,49.24,48.38,17.07M,-0.82%
8/14/2018,48.12,48.67,48.76,47.65,23.06M,-0.68%
8/15/2018,47.46,47.78,48,46.9,26.74M,-1.37%
8/16/2018,47.17,47.75,47.95,47.05,24.36M,-0.61%
8/17/2018,47.1,47,47.39,46.33,26.38M,-0.15%
8/20/2018,46.5,47.05,47.12,46.19,24.33M,-1.27%
8/21/2018,47.62,46.66,47.85,46.64,19.25M,2.41%
8/22/2018,47.05,47.25,47.35,46.92,23.18M,-1.20%
8/23/2018,46.98,46.86,47.17,46.71,31.34M,-0.15%
8/24/2018,47.66,47.29,47.89,47.08,18.21M,1.45%
8/27/2018,48.35,48,48.39,47.63,17.17M,1.45%
8/28/2018,48.57,48.55,48.79,48.31,13.47M,0.46%
8/29/2018,48.75,48.7,48.86,48.4,13.48M,0.37%
8/30/2018,48.24,48.52,48.83,48.09,16.42M,-1.05%
8/31/2018,48.43,47.96,48.56,47.92,16.48M,0.39%
9/4/2018,47.96,48.38,48.43,47.56,15.68M,-0.97%
9/5/2018,47.72,47.75,48.12,47.47,20.86M,-0.50%
9/6/2018,47.26,47.76,47.96,47.21,19.32M,-0.96%
9/7/2018,46.45,46.91,47.48,46.36,25.96M,-1.71%
9/10/2018,46.3,46.56,46.76,46.23,21.52M,-0.32%
9/11/2018,44.93,46,46.03,44.89,32.46M,-2.96%
9/12/2018,44.93,44.56,44.98,44.06,29.78M,0.00%
9/13/2018,45.57,45.68,45.85,45.11,18.66M,1.42%
9/14/2018,45.54,45.78,45.97,45.35,23.00M,-0.07%
9/17/2018,45.42,45.29,45.9,45.19,17.60M,-0.26%
9/18/2018,46.1,45.58,46.53,45.41,20.53M,1.50%
9/19/2018,46.15,46.09,46.44,45.89,15.92M,0.11%
9/20/2018,47.2,46.78,47.36,46.52,22.00M,2.28%
9/21/2018,46.66,47.12,47.42,46.37,52.65M,-1.14%
9/24/2018,46.91,46.31,47,46.15,17.85M,0.54%
9/25/2018,45.91,46.22,46.39,45.8,23.39M,-2.13%
9/26/2018,45.7,46.04,46.3,45.58,23.96M,-0.46%
9/27/2018,45.88,45.91,46.16,45.73,15.42M,0.39%
9/28/2018,47.29,45.62,47.75,45.46,46.22M,3.07%
10/1/2018,46.45,46.79,47.22,46.2,23.80M,-1.78%
10/2/2018,48.1,47.51,48.88,47.32,42.12M,3.55%
10/3/2018,48.76,48.62,49.72,48.56,39.21M,1.37%
10/4/2018,48.13,48.84,48.86,47.62,30.11M,-1.29%
10/5/2018,47.03,48.23,48.34,46.66,28.90M,-2.29%
10/8/2018,47.03,46.96,47.35,46.52,19.38M,0.00%
10/9/2018,46.55,47.18,47.62,46.54,23.29M,-1.02%
10/10/2018,44.8,46.06,46.12,44.8,43.11M,-3.76%
10/11/2018,44.23,45.15,45.61,43.73,43.65M,-1.27%
10/12/2018,44.88,45.27,45.34,44.23,32.09M,1.47%
10/15/2018,44.53,44.63,45.14,44.44,21.63M,-0.78%
10/16/2018,45.94,44.9,46.01,44.83,21.47M,3.17%
10/17/2018,45.89,46,46.33,45.54,23.12M,-0.11%
10/18/2018,44.97,45.65,45.75,44.83,26.64M,-2.00%
10/19/2018,44,45.02,45.18,43.86,28.37M,-2.16%
10/22/2018,45.01,44.5,45.34,44.1,34.51M,2.30%
10/23/2018,44.5,44.18,45.09,43.91,38.59M,-1.13%
10/24/2018,42.42,44.16,44.36,42.36,33.63M,-4.67%
10/25/2018,44.31,43.54,44.94,43.28,48.26M,4.46%
10/26/2018,45.69,45.59,46.44,44.7,67.28M,3.11%
10/29/2018,45.4,46.5,46.75,44.44,35.73M,-0.63%
10/30/2018,47.76,45.53,47.88,45.46,43.98M,5.20%
10/31/2018,46.88,48.29,48.56,46.83,33.37M,-1.84%
11/1/2018,48.22,46.95,48.47,46.86,28.34M,2.86%
11/2/2018,47.11,48.13,48.25,46.75,30.76M,-2.30%
11/5/2018,47.97,47.34,48.25,46.92,23.75M,1.83%
11/6/2018,47.25,47.8,47.92,47.03,23.84M,-1.50%
11/7/2018,48.72,47.63,48.75,47.59,29.91M,3.11%
11/8/2018,48.99,48.49,49.29,48.46,26.58M,0.55%
11/9/2018,48.11,48.79,49.02,47.87,21.76M,-1.80%
11/12/2018,46.65,47.71,47.8,46.6,24.41M,-3.03%
11/13/2018,47.39,46.99,48.25,46.99,29.32M,1.59%
11/14/2018,47.09,47.85,47.97,46.89,25.63M,-0.63%
11/15/2018,48.11,47.01,48.24,46.72,29.58M,2.17%
11/16/2018,48.83,47.77,49.05,47.69,31.67M,1.50%
11/19/2018,48,48.61,49.15,47.78,26.86M,-1.70%
11/20/2018,47.39,47.4,48.12,47.09,29.20M,-1.27%
11/21/2018,47.03,47.85,47.88,47.02,19.01M,-0.76%
11/23/2018,46.54,46.69,47.07,46.52,8.91M,-1.04%
11/26/2018,47.45,47.27,47.46,46.7,20.72M,1.96%
11/27/2018,48.07,46.94,48.22,46.59,27.62M,1.31%
11/28/2018,48.86,47.94,48.88,47.65,28.00M,1.64%
11/29/2018,47.7,48.49,48.56,47.63,23.59M,-2.37%
11/30/2018,49.31,47.95,49.32,47.56,43.31M,3.38%
12/3/2018,50.13,50,50.49,49.53,30.87M,1.66%
12/4/2018,47.75,49.52,49.6,47.67,35.40M,-4.75%
12/6/2018,48.37,46.8,48.39,46.52,31.66M,1.30%
12/7/2018,46.24,47.94,48.06,46.23,34.02M,-4.40%
12/10/2018,47.21,46.28,47.46,46.01,23.29M,2.10%
12/11/2018,47.38,47.9,48.59,47.13,23.85M,0.36%
12/12/2018,47.83,48.58,48.64,47.41,31.31M,0.95%
12/13/2018,48.29,48.26,48.58,47.85,19.53M,0.96%
12/14/2018,47.86,47.89,48.76,47.85,26.37M,-0.89%
12/17/2018,47.08,47.86,48.41,46.66,26.60M,-1.63%
12/18/2018,47.74,47.47,48.45,47.36,29.01M,1.40%
12/19/2018,45.57,47.49,47.73,45.38,39.72M,-4.55%
12/20/2018,45.54,45.41,46.31,45.01,37.75M,-0.07%
12/21/2018,44.84,45.75,46.65,44.8,52.77M,-1.54%
12/24/2018,43.59,44.63,45.17,43.54,19.24M,-2.79%
12/26/2018,46.19,44,46.2,43.51,28.68M,5.96%
12/27/2018,46.36,45.62,46.38,44.67,29.97M,0.37%
12/28/2018,46.75,46.51,47.74,46.3,24.73M,0.84%
12/31/2018,46.93,47.09,47.48,46.55,20.49M,0.39%
1/2/2019,47.08,45.96,47.47,45.77,18.77M,0.32%
1/3/2019,44.49,46.15,46.28,44.39,32.27M,-5.50%
1/4/2019,47.22,45.84,47.57,45.54,35.45M,6.14%
1/7/2019,47.44,47.1,47.99,46.75,22.74M,0.47%
1/8/2019,47.74,47.8,48.03,46.78,22.75M,0.63%
1/9/2019,48.01,47.96,48.57,47.78,22.55M,0.57%
1/10/2019,48.56,47.75,48.65,47.41,27.20M,1.15%
1/11/2019,48.93,48.1,49.29,48.05,21.75M,0.76%
1/14/2019,48.35,48.46,48.83,48.3,19.19M,-1.19%
1/15/2019,48.6,48.71,49.13,48.44,22.48M,0.52%
1/16/2019,48.13,48.6,48.89,48.08,19.06M,-0.97%
1/17/2019,48.47,48,48.84,47.91,17.45M,0.71%
1/18/2019,49.19,49.11,49.38,48.69,29.87M,1.49%
1/22/2019,48.27,48.96,48.98,47.87,25.94M,-1.87%
1/23/2019,47.94,48.41,48.8,47.52,18.96M,-0.68%
1/24/2019,49.76,48.7,50.03,48.6,50.58M,3.80%
1/25/2019,47.04,46.85,47.43,45.75,86.47M,-5.47%
1/28/2019,46.71,46.13,46.73,46.05,35.93M,-0.70%
1/29/2019,46.54,46.78,46.97,46.33,20.99M,-0.36%
1/30/2019,47.54,46.68,47.68,46.45,26.93M,2.15%
1/31/2019,47.12,46.7,47.18,46.1,43.05M,-0.88%
2/1/2019,48.73,47.06,49.05,47.01,37.44M,3.42%
2/4/2019,49.22,48.62,49.24,48.24,20.91M,1.01%
2/5/2019,50.01,49.18,50.72,49.18,31.64M,1.61%
2/6/2019,49.9,49.95,50.64,49.82,21.65M,-0.22%
2/7/2019,49.23,49.5,49.85,48.68,27.83M,-1.34%
2/8/2019,48.84,48.77,49.02,48.01,18.85M,-0.79%
2/11/2019,48.77,49.02,49.32,48.58,18.00M,-0.14%
2/12/2019,50.01,49.36,50.14,49.27,18.05M,2.54%
2/13/2019,50.47,50.13,50.81,50,17.71M,0.92%
2/14/2019,50.81,50.41,51.04,50.35,17.55M,0.67%
2/15/2019,51.66,51.25,51.67,51.09,22.52M,1.67%
2/19/2019,51.4,51.35,51.71,51.34,15.61M,-0.50%
2/20/2019,51.39,51.63,51.73,51.06,21.61M,-0.02%
2/21/2019,51.41,51.32,51.84,51.21,16.16M,0.04%
2/22/2019,52.49,52.7,52.98,52.05,31.93M,2.10%
2/25/2019,53.1,53.06,53.61,52.86,20.71M,1.16%
2/26/2019,53.23,53.01,53.37,52.91,16.08M,0.24%
2/27/2019,53.24,52.76,53.38,52.51,17.59M,0.02%
2/28/2019,52.96,52.92,53.18,52.81,18.39M,-0.53%
3/1/2019,53.3,53.44,53.68,52.89,18.36M,0.64%
3/4/2019,53.94,53.75,54.1,53.2,21.71M,1.20%
3/5/2019,53.68,53.85,53.99,53.11,21.06M,-0.48%
3/6/2019,52.95,53.63,53.65,52.94,14.74M,-1.36%
3/7/2019,52.6,52.77,52.98,52.36,17.80M,-0.66%
3/8/2019,52.48,51.97,52.56,51.7,16.79M,-0.23%
3/11/2019,53.35,52.88,53.65,52.57,18.96M,1.66%
3/12/2019,53.57,53.34,53.96,53.17,20.78M,0.41%
3/13/2019,54.37,54,54.57,53.65,25.52M,1.49%
3/14/2019,53.44,54.3,54.45,53.33,26.65M,-1.71%
3/15/2019,54.33,53.68,54.69,53.68,46.49M,1.67%
3/18/2019,54.1,54.42,54.51,53.87,16.27M,-0.42%
3/19/2019,54.17,54.47,54.65,54,18.27M,0.13%
3/20/2019,53.82,54.06,54.4,53.61,24.33M,-0.65%
3/21/2019,54.64,53.92,54.99,53.84,19.13M,1.52%
3/22/2019,53.26,54.4,54.62,53.21,21.44M,-2.53%
3/25/2019,52.78,52.97,53.55,52.38,16.97M,-0.90%
3/26/2019,53.44,53.32,53.77,53.04,17.72M,1.25%
3/27/2019,53.16,53.59,53.86,52.94,19.66M,-0.52%
3/28/2019,53.11,53.25,53.44,52.77,13.61M,-0.09%
3/29/2019,53.7,53.8,54.04,53.48,18.74M,1.11%
4/1/2019,54.51,54.34,54.57,54.1,17.83M,1.51%
4/2/2019,54.36,54.53,54.8,54.23,13.70M,-0.28%
4/3/2019,55.48,55.03,55.99,54.89,24.55M,2.06%
4/4/2019,55.92,55.27,56.14,55.27,16.52M,0.79%
4/5/2019,55.6,55.75,55.95,54.87,19.27M,-0.57%
4/8/2019,55.68,55.28,55.74,55.2,11.76M,0.14%
4/9/2019,55.32,55.35,55.43,54.9,13.34M,-0.65%
4/10/2019,55.75,55.32,55.86,55.32,13.08M,0.78%
4/11/2019,55.8,55.76,56.07,55.63,10.85M,0.09%
4/12/2019,56.42,56.21,56.49,55.84,12.91M,1.11%
4/15/2019,56.28,56.46,56.55,55.92,11.68M,-0.25%
4/16/2019,56.71,56.66,57.47,56.07,30.30M,0.76%
4/17/2019,58.56,58.44,59.59,58.12,38.79M,3.26%
4/18/2019,58.49,58.71,58.88,58.12,20.46M,-0.12%
4/22/2019,58.82,58.15,58.83,57.88,12.33M,0.56%
4/23/2019,58.78,58.89,58.98,58.5,17.74M,-0.07%
4/24/2019,58.72,58.52,59.29,58.14,17.72M,-0.10%
4/25/2019,57.61,58.3,58.38,57.23,27.95M,-1.89%
4/26/2019,52.43,52.74,53.09,51.52,72.36M,-8.99%
4/29/2019,51.11,52.17,52.43,51,42.14M,-2.52%
4/30/2019,51.04,51,51.43,50.87,27.13M,-0.14%
5/1/2019,50.76,51.1,51.6,50.74,20.47M,-0.55%
5/2/2019,50.55,50.8,51.33,50.12,22.66M,-0.41%
5/3/2019,51.75,51.08,51.82,50.73,25.66M,2.37%
5/6/2019,51.22,50.25,51.28,50.19,26.25M,-1.02%
5/7/2019,50.48,50.6,50.88,49.93,29.71M,-1.44%
5/8/2019,49.24,50.2,50.79,49.07,36.81M,-2.46%
5/9/2019,46.62,47.9,48.29,46.05,59.64M,-5.32%
5/10/2019,46.2,46.44,46.8,45.1,42.52M,-0.90%
5/13/2019,44.76,45.33,45.64,44.7,39.09M,-3.12%
5/14/2019,45.17,45.18,45.48,44.87,24.71M,0.92%
5/15/2019,45.62,44.92,45.75,44.76,23.41M,1.00%
5/16/2019,45.53,45.47,45.95,45.42,19.95M,-0.20%
5/17/2019,44.89,45.18,45.73,44.76,22.50M,-1.41%
5/20/2019,43.56,44,44.52,43.45,28.67M,-2.96%
5/21/2019,44.46,44.34,44.78,44.17,25.54M,2.07%
5/22/2019,44,44.15,44.46,43.84,16.93M,-1.03%
5/23/2019,44.53,43.37,44.74,42.86,35.78M,1.20%
5/24/2019,44.57,44.59,45.05,44.49,27.17M,0.09%
5/28/2019,43.57,44.66,44.69,43.3,34.78M,-2.24%
5/29/2019,44.23,43.35,44.53,43.33,28.45M,1.51%
5/30/2019,44.73,44.3,45.03,44.23,21.62M,1.13%
5/31/2019,44.04,44.18,44.79,43.93,25.53M,-1.54%
6/3/2019,43.46,44.25,44.59,43.2,31.16M,-1.32%
6/4/2019,44.79,44.16,44.85,43.77,28.09M,3.06%
6/5/2019,44.55,45.11,45.18,44.19,20.80M,-0.54%
6/6/2019,45.1,44.75,45.17,44.51,19.08M,1.23%
6/7/2019,46.03,45.25,46.12,45.1,24.37M,2.06%
6/10/2019,46.8,46.23,47.19,46.2,20.81M,1.67%
6/11/2019,46.85,47.26,47.32,46.52,18.42M,0.11%
6/12/2019,46.32,46.67,46.67,46.25,15.90M,-1.13%
6/13/2019,46.7,46.6,46.95,46.53,12.27M,0.82%
6/14/2019,46.19,45.83,46.42,45.55,15.38M,-1.09%
6/17/2019,46.13,46.14,46.53,45.8,12.64M,-0.13%
6/18/2019,47.37,46.75,48,46.6,25.73M,2.69%
6/19/2019,47.07,47.48,47.58,47,17.44M,-0.63%
6/20/2019,47.19,47.87,48.05,46.87,20.13M,0.25%
6/21/2019,47.46,46.95,47.73,46.8,31.10M,0.57%
6/24/2019,47.63,47.4,47.85,47.17,14.48M,0.36%
6/25/2019,46.85,47.56,47.68,46.8,16.67M,-1.64%
6/26/2019,48.19,47.65,48.48,47.56,21.89M,2.86%
6/27/2019,47.46,48.15,48.42,47.24,23.06M,-1.51%
6/28/2019,47.87,47.77,48.2,47.68,26.65M,0.86%
7/1/2019,48.05,49.29,49.45,47.74,27.51M,0.38%
7/2/2019,48.12,47.91,48.22,47.69,15.38M,0.15%
7/3/2019,48.52,48.18,48.56,47.99,10.74M,0.83%
7/5/2019,48.08,48.03,48.17,47.44,14.34M,-0.91%
7/8/2019,47.82,47.62,47.95,47.07,16.56M,-0.54%
7/9/2019,47.75,47.36,47.8,47.13,17.85M,-0.15%
7/10/2019,48.21,47.92,48.61,47.9,16.03M,0.96%
7/11/2019,48.6,48.56,48.78,48.31,16.62M,0.81%
7/12/2019,49.92,49,49.93,48.81,20.15M,2.72%
7/15/2019,50.12,50,50.25,49.77,14.35M,0.40%
7/16/2019,49.17,49.91,50,48.96,17.13M,-1.90%
7/17/2019,49.39,49.5,49.7,49.24,11.93M,0.45%
7/18/2019,49.94,49.28,49.99,48.89,15.68M,1.11%
7/19/2019,50.27,49.96,50.66,49.91,29.14M,0.66%
7/22/2019,51.35,50.01,51.52,49.89,21.69M,2.15%
7/23/2019,51.75,52,52,51.3,18.41M,0.78%
7/24/2019,52.92,51.98,52.97,51.8,20.90M,2.26%
7/25/2019,52.16,52.51,52.6,51.88,27.77M,-1.44%
7/26/2019,51.59,52.69,53.5,51.53,36.40M,-1.09%
7/29/2019,52.51,51.53,52.56,50.78,21.90M,1.78%
7/30/2019,51.7,51.71,52.31,51.56,16.49M,-1.54%
7/31/2019,50.55,51.51,51.72,50.05,24.17M,-2.22%
8/1/2019,49.5,50.52,51.89,49.47,34.02M,-2.08%
8/2/2019,48.68,49.09,49.36,48.5,27.88M,-1.66%
8/5/2019,46.97,47.76,47.96,46.57,38.94M,-3.51%
8/6/2019,46.96,47.15,47.56,46.77,26.12M,-0.02%
8/7/2019,46.73,46.3,46.88,45.97,29.44M,-0.49%
8/8/2019,47.17,46.16,47.37,45.91,30.64M,0.94%
8/9/2019,45.98,46.94,47,45.78,24.98M,-2.52%
8/12/2019,45.6,45.76,46.07,45.44,18.49M,-0.83%
8/13/2019,46.84,45.49,47.05,45.36,29.37M,2.72%
8/14/2019,45.87,46.06,46.62,45.65,25.65M,-2.07%
8/15/2019,45.7,46.1,46.18,45.44,21.99M,-0.37%
8/16/2019,46.5,46.34,46.68,46.06,23.34M,1.75%
8/19/2019,47.23,47.46,47.6,47.04,21.40M,1.57%
8/20/2019,46.6,47.03,47.12,46.46,23.12M,-1.33%
8/21/2019,47.15,47.11,47.29,46.89,15.92M,1.18%
8/22/2019,46.78,47.28,47.43,46.69,19.79M,-0.78%
8/23/2019,44.96,46.35,46.63,44.8,32.82M,-3.89%
8/26/2019,45.56,45.82,45.82,45.25,22.09M,1.33%
8/27/2019,45.79,45.87,46.12,45.5,16.93M,0.50%
8/28/2019,45.79,45.7,45.91,45.37,14.90M,0.00%
8/29/2019,46.87,46.46,47.22,46.4,17.81M,2.36%
8/30/2019,47.41,47.24,47.79,47.16,16.92M,1.15%
9/3/2019,46.98,47.12,47.22,46.49,15.01M,-0.91%
9/4/2019,48.92,47.56,48.95,47.54,23.47M,4.13%
9/5/2019,50.1,49.92,51.17,49.87,30.02M,2.41%
9/6/2019,50.92,50.25,50.99,50.07,17.07M,1.64%
9/9/2019,51.59,51.06,52.03,51.02,20.75M,1.32%
9/10/2019,51.82,51.33,51.84,50.83,18.53M,0.45%
9/11/2019,52.79,51.6,52.79,51.38,18.97M,1.87%
9/12/2019,53.01,53,53.33,52.06,23.31M,0.42%
9/13/2019,52.54,52.76,53,52.23,18.01M,-0.89%
9/16/2019,52.2,51.9,52.28,51.7,13.35M,-0.65%
9/17/2019,51.95,52.05,52.14,51.35,19.89M,-0.48%
9/18/2019,51.74,52.13,52.13,51.16,15.03M,-0.40%
9/19/2019,51.57,51.7,51.99,51.5,11.85M,-0.33%
9/20/2019,50.72,51.6,51.88,50.56,38.63M,-1.65%
9/23/2019,50.9,50.83,51.23,50.39,21.57M,0.35%
9/24/2019,49.82,51.1,51.18,49.64,28.47M,-2.12%
9/25/2019,51.02,49.75,51.21,49.42,20.12M,2.41%
9/26/2019,50.92,50.98,51.15,50.34,11.48M,-0.20%
9/27/2019,50.78,50.63,51.22,50.34,14.85M,-0.27%
9/30/2019,51.53,51.19,51.59,50.94,14.06M,1.48%
10/1/2019,50.76,51.97,52.24,50.43,18.49M,-1.49%
10/2/2019,49.39,50.31,50.37,48.98,21.44M,-2.70%
10/3/2019,50.03,49.5,50.07,48.53,17.24M,1.30%
10/4/2019,50.92,50.35,50.97,50.03,12.75M,1.78%
10/7/2019,50.62,50.7,51.23,50.56,12.72M,-0.59%
10/8/2019,49.73,50.16,50.48,49.61,17.88M,-1.76%
10/9/2019,50.48,50.47,50.79,50.15,12.19M,1.51%
10/10/2019,51.11,50.41,51.77,50.4,14.61M,1.25%
10/11/2019,52.09,52,52.79,51.82,24.17M,1.92%
10/14/2019,51.64,51.9,51.95,51.44,16.43M,-0.86%
10/15/2019,52.65,51.93,53.07,51.83,18.97M,1.96%
10/16/2019,52.45,52.35,52.56,52.12,15.17M,-0.38%
10/17/2019,51.86,52.63,52.84,51.38,16.92M,-1.12%
10/18/2019,51.36,51.75,51.82,51.03,16.98M,-0.96%
10/21/2019,52.13,51.52,52.17,51.34,13.12M,1.50%
10/22/2019,52.01,51.9,52.32,51.89,13.35M,-0.23%
10/23/2019,51.72,51.37,51.96,51.2,15.96M,-0.56%
10/24/2019,52.23,52.09,52.43,51.43,25.65M,0.99%
10/25/2019,56.46,54.19,56.61,53.92,59.77M,8.10%
10/28/2019,56.76,56.38,56.81,56.06,32.31M,0.53%
10/29/2019,56.34,56.37,57.24,56.24,18.16M,-0.74%
10/30/2019,56.6,56.32,56.63,55.62,15.25M,0.46%
10/31/2019,56.53,56.33,56.6,55.62,19.25M,-0.12%
11/1/2019,56.51,55.94,56.65,55.62,17.95M,-0.04%
11/4/2019,57.61,56.93,57.8,56.85,19.07M,1.95%
11/5/2019,57.55,57.47,58.35,57.21,20.87M,-0.10%
11/6/2019,57.6,57.49,57.71,56.98,17.72M,0.09%
11/7/2019,58.05,58,58.55,57.85,16.96M,0.78%
11/8/2019,58.27,57.85,58.3,57.31,11.89M,0.38%
11/11/2019,58.35,57.97,58.5,57.9,11.24M,0.14%
11/12/2019,58.2,58.4,58.8,58.03,11.95M,-0.26%
11/13/2019,57.89,57.87,57.97,57.35,15.41M,-0.53%
11/14/2019,57.81,57.61,58.04,57.57,12.14M,-0.14%
11/15/2019,57.96,58.17,58.7,57.62,16.11M,0.26%
11/18/2019,58.25,57.7,58.48,57.57,16.10M,0.50%
11/19/2019,58.35,58.48,58.65,57.75,17.06M,0.17%
11/20/2019,57.9,58.26,58.36,57.37,18.56M,-0.77%
11/21/2019,58.22,57.49,58.3,57.41,16.14M,0.55%
11/22/2019,57.61,58.34,58.65,57.49,15.69M,-1.05%
11/25/2019,58.81,58,58.84,58,15.01M,2.08%
11/26/2019,58.9,58.95,59.13,58.45,22.38M,0.15%
11/27/2019,58.51,58.53,58.59,57.91,18.19M,-0.66%
11/29/2019,58.05,58.15,58.3,57.79,9.48M,-0.79%
12/2/2019,57.66,58.55,58.69,57.47,19.17M,-0.67%
12/3/2019,56.07,56.86,56.86,55.75,26.61M,-2.76%
12/4/2019,56.02,56.66,56.66,55.86,18.88M,-0.09%
12/5/2019,56.08,56.41,56.41,55.76,17.68M,0.11%
12/6/2019,56.81,56.66,56.99,56.42,16.48M,1.30%
12/9/2019,56.53,56.54,56.96,56.5,14.47M,-0.49%
12/10/2019,56.59,56.71,56.83,56.44,16.16M,0.11%
12/11/2019,57.07,56.91,57.17,56.58,20.05M,0.85%
12/12/2019,57.55,56.75,58.05,56.61,27.90M,0.84%
12/13/2019,57.79,57.55,58.34,57.38,22.80M,0.42%
12/16/2019,57.7,58.21,58.57,57.65,19.14M,-0.16%
12/17/2019,57.3,58,58.1,57.13,21.66M,-0.69%
12/18/2019,57.17,57.39,57.45,56.94,28.27M,-0.23%
12/19/2019,57.96,57.17,57.99,56.97,18.87M,1.38%
12/20/2019,58.95,58.32,59.05,57.89,49.97M,1.71%
12/23/2019,59.23,59.06,59.78,59.04,23.59M,0.47%
12/24/2019,59.41,59.25,59.48,59.16,6.31M,0.30%
12/26/2019,59.82,59.41,59.85,59.35,11.49M,0.69%
12/27/2019,60.08,59.91,60.48,59.9,14.09M,0.43%
12/30/2019,59.62,59.99,60.05,59.38,12.75M,-0.77%
12/31/2019,59.85,59.62,59.93,59.36,14.44M,0.39%
1/2/2020,60.84,60.24,60.97,60.22,17.71M,1.65%
1/3/2020,60.1,59.81,60.7,59.81,15.30M,-1.22%
1/6/2020,59.93,59.59,60.2,59.33,17.76M,-0.28%
1/7/2020,58.93,59.78,59.8,58.89,21.96M,-1.67%
1/8/2020,58.97,58.89,59.32,58.52,23.14M,0.07%
1/9/2020,59.3,59.05,59.51,58.83,18.82M,0.56%
1/10/2020,58.94,59.57,60.08,58.87,15.20M,-0.61%
1/13/2020,59.59,59.17,59.77,59.08,16.46M,1.10%
1/14/2020,59.43,59.49,59.74,59.19,17.09M,-0.27%
1/15/2020,58.94,59.3,59.65,58.75,18.50M,-0.82%
1/16/2020,59.66,59.26,59.84,59.07,21.37M,1.22%
1/17/2020,59.6,59.98,60,59.24,21.80M,-0.10%
1/21/2020,60.55,59.81,61.25,59.79,28.36M,1.59%
1/22/2020,62.73,61.04,62.85,60.97,29.48M,3.60%
1/23/2020,63.32,62.86,63.7,62.81,42.78M,0.94%
1/24/2020,68.47,66.57,69.29,66.46,84.71M,8.13%
1/27/2020,65.69,66.72,67.42,65.6,30.76M,-4.06%
1/28/2020,67.31,66.5,67.58,65.94,30.92M,2.47%
1/29/2020,66.33,67.63,68.06,66.17,18.08M,-1.46%
1/30/2020,66.47,65.64,66.5,64.93,18.52M,0.21%
1/31/2020,63.93,65.8,65.98,63.67,25.27M,-3.82%
2/3/2020,64.42,64.45,65.04,64.3,16.65M,0.77%
2/4/2020,65.46,65.77,66.06,64.92,20.97M,1.61%
2/5/2020,67.34,66.69,67.6,66.13,23.40M,2.87%
2/6/2020,67.09,67.3,67.4,66.77,17.41M,-0.37%
2/7/2020,66.02,66.86,67.3,66.01,18.13M,-1.59%
2/10/2020,66.39,65.56,66.4,65.44,22.30M,0.56%
2/11/2020,67.41,66.83,67.71,66.57,17.98M,1.54%
2/12/2020,67.46,67.6,68.09,67.31,15.59M,0.07%
2/13/2020,67.44,66.99,67.65,66.74,11.60M,-0.03%
2/14/2020,67.27,67.52,67.86,66.82,13.41M,-0.25%
2/18/2020,66.14,66.66,66.69,65.88,12.77M,-1.68%
2/19/2020,67.11,66.39,67.2,66.18,13.55M,1.47%
2/20/2020,65.45,67.04,67.29,64.56,26.45M,-2.47%
2/21/2020,64.34,65.18,65.25,64.04,20.78M,-1.70%
2/24/2020,61.76,61.61,62.77,61.32,26.90M,-4.01%
2/25/2020,59.73,61.99,62.28,59.46,34.50M,-3.29%
2/26/2020,59.65,60.11,60.82,59.27,26.22M,-0.13%
2/27/2020,55.83,57.93,58.51,55.8,42.23M,-6.40%
2/28/2020,55.52,54.3,56.38,53.6,60.73M,-0.56%
3/2/2020,58.18,55.79,58.22,54.52,43.14M,4.79%
3/3/2020,55.97,58.03,59.02,55.4,49.74M,-3.80%
3/4/2020,58.68,57.01,58.71,56.16,29.22M,4.84%
3/5/2020,56.96,57.06,58.66,56.61,29.10M,-2.93%
3/6/2020,55.77,55.18,56.01,54.54,36.26M,-2.09%
3/9/2020,50.85,51.92,52.71,50,56.20M,-8.82%
3/10/2020,53.98,52.76,54,50.43,36.57M,6.16%
3/11/2020,51.66,52.39,53.54,51.01,38.57M,-4.30%
3/12/2020,45.54,47.99,50.09,45.37,50.66M,-11.85%
3/13/2020,54.43,48.26,55,47.74,48.81M,19.52%
3/16/2020,44.61,47.51,52.25,43.63,53.88M,-18.04%
3/17/2020,50.08,45.76,51.63,45.2,52.09M,12.26%
3/18/2020,47.61,46.57,50.02,45.39,49.31M,-4.93%
3/19/2020,45.94,47.71,49.19,45.2,44.54M,-3.51%
3/20/2020,45.83,46.51,49.42,45.47,52.34M,-0.24%
3/23/2020,49.58,46.02,50.49,45.91,46.70M,8.18%
3/24/2020,52.4,53.35,54.63,51.37,50.02M,5.69%
3/25/2020,51.26,52.53,53.78,49.97,41.11M,-2.18%
3/26/2020,55.54,51.77,55.8,51.77,41.48M,8.35%
3/27/2020,52.37,53.46,54.63,52.1,31.63M,-5.71%
3/30/2020,55.49,52.99,56.1,52.83,31.63M,5.96%
3/31/2020,54.12,55.06,55.79,53.22,48.08M,-2.47%
4/1/2020,51.88,52.5,54.69,51.43,29.59M,-4.14%
4/2/2020,54.35,51.29,54.56,51.22,27.81M,4.76%
4/3/2020,54.13,53.85,55.13,52.73,23.91M,-0.40%
4/6/2020,58.43,56.63,58.77,56.12,32.32M,7.94%
4/7/2020,58.4,59.94,61.49,58.21,41.41M,-0.05%
4/8/2020,58.98,58.99,59.51,57.91,26.72M,0.99%
4/9/2020,57.14,59.36,59.72,56.06,40.52M,-3.12%
4/13/2020,58.7,56.57,58.77,56.57,23.25M,2.73%
4/14/2020,60.66,60.04,60.9,59.51,25.67M,3.34%
4/15/2020,58.87,59.74,59.83,58.38,22.84M,-2.95%
4/16/2020,60.79,59.61,60.96,58.81,24.43M,3.26%
4/17/2020,60.36,62.02,62.13,59.83,27.39M,-0.71%
4/20/2020,59.18,59.28,60.04,58.89,26.42M,-1.95%
4/21/2020,56.36,58.11,58.6,55.93,25.25M,-4.77%
4/22/2020,60.1,58.27,60.5,57.81,23.44M,6.64%
4/23/2020,59.04,59.67,60.1,58.81,35.09M,-1.76%
4/24/2020,59.26,56.2,59.4,56.1,50.22M,0.37%
4/27/2020,59.47,59.72,59.83,58.38,25.90M,0.35%
4/28/2020,58.75,59.99,60.22,58.26,28.78M,-1.21%
4/29/2020,61.8,59.44,62.03,59.32,30.45M,5.19%
4/30/2020,59.98,61.37,61.54,59.75,26.28M,-2.94%
5/1/2020,57.47,58.83,59.32,57.31,21.19M,-4.18%
5/4/2020,57.99,57.12,58.07,56.31,18.96M,0.90%
5/5/2020,58.75,58.79,59.3,58.35,17.25M,1.31%
5/6/2020,59.18,59.04,59.95,58.94,17.85M,0.73%
5/7/2020,59.17,59.93,60.1,58.92,14.73M,-0.02%
5/8/2020,59.67,59.67,59.78,59.05,20.39M,0.85%
5/11/2020,60.13,59.74,60.84,59.71,18.68M,0.77%
5/12/2020,58.39,60.22,60.64,58.26,16.75M,-2.89%
5/13/2020,57.74,58.53,59.22,56.91,21.06M,-1.11%
5/14/2020,59.08,57.36,59.11,56.11,21.57M,2.32%
5/15/2020,58.28,57.5,58.36,56.97,21.37M,-1.35%
5/18/2020,59.92,59.81,60.27,59.38,20.44M,2.81%
5/19/2020,60.29,60.13,61.76,59.9,21.87M,0.62%
5/20/2020,63.1,61.33,63.48,61.02,30.58M,4.66%
5/21/2020,61.98,63.08,63.77,61.82,20.99M,-1.77%
5/22/2020,62.26,61.98,62.32,61.42,14.10M,0.44%
5/26/2020,62.34,63.68,64.14,62.12,20.93M,0.14%
5/27/2020,63.56,62.34,63.58,61.08,19.89M,1.96%
5/28/2020,61.7,63,63.41,61.52,17.26M,-2.93%
5/29/2020,62.93,61.9,63.66,61.62,33.40M,1.99%
6/1/2020,61.86,62.61,62.61,61.66,14.33M,-1.70%
6/2/2020,62.12,61.58,62.15,60.84,20.70M,0.42%
6/3/2020,61.93,62.42,62.49,61.54,16.74M,-0.31%
6/4/2020,62.97,61.65,63.46,61.35,22.01M,1.68%
6/5/2020,64.34,63.36,65.11,63.16,26.81M,2.18%
6/8/2020,63.67,64.06,64.1,62.95,21.55M,-1.04%
6/9/2020,63.04,63,63.69,62.9,23.59M,-0.99%
6/10/2020,63.87,62.78,64.28,62.78,21.37M,1.32%
6/11/2020,59.7,62.97,63.26,59.55,27.00M,-6.53%
6/12/2020,59.33,60.11,60.96,58.12,30.42M,-0.62%
6/15/2020,60.1,59.36,60.36,58.61,29.65M,1.30%
6/16/2020,60.4,61.48,61.63,59.52,23.23M,0.50%
6/17/2020,60.49,60.6,61.27,60.07,20.45M,0.15%
6/18/2020,60.08,60.3,60.48,59.34,24.90M,-0.68%
6/19/2020,59.62,60.53,60.88,59.1,60.32M,-0.77%
6/22/2020,60.09,59.73,60.55,58.89,22.85M,0.79%
6/23/2020,59.92,60.16,60.47,59.88,22.81M,-0.28%
6/24/2020,59.09,59.63,59.8,58.68,27.76M,-1.39%
6/25/2020,58.51,58.98,59.08,57.49,21.91M,-0.98%
6/26/2020,57.5,58.5,58.73,57.14,38.48M,-1.73%
6/29/2020,58.27,57.47,58.28,56.76,22.15M,1.34%
6/30/2020,59.83,58.63,59.95,58.59,31.54M,2.68%
7/1/2020,58.81,59.91,60.03,58.76,14.75M,-1.70%
7/2/2020,59.13,59.19,59.81,58.97,15.58M,0.54%
7/6/2020,59.54,58.72,59.62,58.6,20.54M,0.69%
7/7/2020,58.31,59.07,59.57,58.14,16.00M,-2.07%
7/8/2020,58.61,58.45,58.69,57.93,13.28M,0.51%
7/9/2020,58.42,58.2,58.74,57.7,20.68M,-0.32%
7/10/2020,59.53,57.95,59.69,57.83,17.74M,1.90%
7/13/2020,58.58,59.84,60.62,58.39,19.08M,-1.60%
7/14/2020,58.98,57.87,59.25,57.35,24.19M,0.68%
7/15/2020,59.03,59.03,59.34,58.42,19.99M,0.08%
7/16/2020,59.14,58.54,59.36,58.4,12.43M,0.19%
7/17/2020,60,59.42,60.46,59.28,16.32M,1.45%
7/20/2020,61.15,60.08,61.38,59.34,16.87M,1.92%
7/21/2020,60.7,61.51,61.93,60.44,19.83M,-0.74%
7/22/2020,61.05,61.31,61.76,60.62,18.96M,0.58%
7/23/2020,60.4,61.26,61.74,59.98,43.52M,-1.06%
7/24/2020,50.59,52.15,52.18,49.5,182.27M,-16.24%
7/27/2020,49.57,51.03,51.14,49.47,107.53M,-2.02%
7/28/2020,49.24,49.48,50.23,49.14,62.36M,-0.67%
7/29/2020,48.07,49.49,49.5,47.9,60.50M,-2.38%
7/30/2020,47.99,47.83,48.5,47.59,39.74M,-0.17%
7/31/2020,47.73,48.13,48.32,46.97,46.57M,-0.54%
8/3/2020,48.3,48.27,48.63,47.74,31.77M,1.19%
8/4/2020,49.13,48.6,49.14,48.5,29.05M,1.72%
8/5/2020,48.92,49.72,49.72,48.66,29.47M,-0.43%
8/6/2020,48.57,48.79,48.82,48.1,23.80M,-0.72%
8/7/2020,48.03,48.53,48.65,47.7,36.77M,-1.11%
8/10/2020,49.22,48.2,49.39,48.06,37.44M,2.48%
8/11/2020,48.19,49.63,49.73,48.06,35.35M,-2.09%
8/12/2020,49.19,48.67,49.26,48.24,30.69M,2.08%
8/13/2020,48.56,49.26,49.33,48.38,24.77M,-1.28%
8/14/2020,48.89,48.73,49.21,48.65,22.32M,0.68%
8/17/2020,48.93,49.11,49.31,48.73,20.02M,0.08%
8/18/2020,48.65,49.26,49.57,48.62,19.25M,-0.57%
8/19/2020,48.33,48.78,48.98,48.25,27.77M,-0.66%
8/20/2020,49.17,49.81,50.2,49,55.08M,1.74%
8/21/2020,49.28,49.02,49.31,48.65,34.32M,0.22%
8/24/2020,49.14,49.26,49.4,48.82,36.30M,-0.28%
8/25/2020,49.43,49.35,49.88,49.21,38.38M,0.59%
8/26/2020,49.55,49.39,49.67,49.23,28.62M,0.24%
8/27/2020,49.4,49.79,49.93,49.17,24.42M,-0.30%
8/28/2020,50.43,49.57,50.8,49.46,35.38M,2.09%
8/31/2020,50.95,51,51.5,50.32,46.11M,1.03%
9/1/2020,50.79,50.91,51,50.22,30.52M,-0.31%
9/2/2020,52.25,51.21,52.68,51.09,53.00M,2.87%
9/3/2020,50.39,52.5,52.62,50.13,47.39M,-3.56%
9/4/2020,50.08,50.53,51.23,49.49,43.32M,-0.62%
9/8/2020,48.91,49.26,49.9,48.85,39.75M,-2.34%
9/9/2020,49.62,49.53,49.97,49.04,33.44M,1.45%
9/10/2020,48.96,50,50.09,48.71,32.65M,-1.33%
9/11/2020,49.28,49.26,50.05,48.95,29.33M,0.65%
9/14/2020,49.41,48.85,49.72,48.85,27.21M,0.26%
9/15/2020,50,49.79,50.6,49.73,27.60M,1.19%
9/16/2020,50.37,50.51,51.03,50.17,26.56M,0.74%
9/17/2020,50.32,49.37,50.49,49.3,26.96M,-0.10%
9/18/2020,49.89,50.33,50.5,49.04,50.12M,-0.85%
9/21/2020,49.72,49.39,49.74,48.83,27.38M,-0.34%
9/22/2020,49.95,49.89,50.21,49.47,22.29M,0.46%
9/23/2020,48.82,49.83,50.15,48.66,30.08M,-2.26%
9/24/2020,49.16,48.53,49.64,48.42,29.34M,0.70%
9/25/2020,49.94,48.96,50.28,48.75,26.63M,1.59%
9/28/2020,51.43,50.51,51.46,50.16,29.65M,2.98%
9/29/2020,51.19,51.31,51.74,50.95,19.69M,-0.47%
9/30/2020,51.78,51.24,52.38,51.15,27.71M,1.15%
10/1/2020,52.24,52.4,52.72,51.99,22.13M,0.89%
10/2/2020,51.01,51.5,51.98,50.99,25.81M,-2.35%
10/5/2020,51.69,51.3,51.81,51.27,20.88M,1.33%
10/6/2020,51.37,51.71,52.7,51.23,25.64M,-0.62%
10/7/2020,52.67,51.85,52.9,51.79,21.98M,2.53%
10/8/2020,53.37,52.91,53.58,52.67,22.37M,1.33%
10/9/2020,52.82,53.55,53.85,52.67,24.34M,-1.03%
10/12/2020,53.88,53.55,54.2,53.21,27.30M,2.01%
10/13/2020,53.83,54.27,54.29,53.62,20.01M,-0.09%
10/14/2020,53.55,54.01,54.4,53.51,21.89M,-0.52%
10/15/2020,53.85,52.75,53.98,52.62,18.27M,0.56%
10/16/2020,54.16,53.9,54.7,53.9,23.42M,0.58%
10/19/2020,54.58,54.47,56.23,53.84,43.54M,0.78%
10/20/2020,53.43,54.6,54.7,53.27,27.22M,-2.11%
10/21/2020,53.5,53.14,54.07,52.82,21.87M,0.13%
10/22/2020,53.9,53.12,54.22,53.07,41.52M,0.75%
10/23/2020,48.2,48.35,48.67,47.66,97.32M,-10.58%
10/26/2020,46.72,47.85,47.86,46.25,54.16M,-3.07%
10/27/2020,45.64,45.98,46.41,45.36,50.13M,-2.31%
10/28/2020,44.25,44.89,45.28,44.2,45.07M,-3.05%
10/29/2020,44.11,44.24,44.47,43.92,36.80M,-0.32%
10/30/2020,44.28,44.1,44.79,43.61,46.79M,0.39%
11/2/2020,44.46,44.96,45.06,44.24,33.86M,0.41%
11/3/2020,44.85,44.73,45.46,44.7,33.59M,0.88%
11/4/2020,45.7,45.11,46.15,44.78,34.75M,1.90%
11/5/2020,45.68,46.15,46.38,45.53,31.10M,-0.04%
11/6/2020,45.39,45.54,45.79,44.9,36.23M,-0.63%
11/9/2020,45.6,46.64,47.35,45.54,48.48M,0.46%
11/10/2020,45.44,45.4,46.48,45.25,39.22M,-0.35%
11/11/2020,46.35,45.9,46.46,45.86,31.50M,2.00%
11/12/2020,44.95,46.13,46.19,44.55,42.91M,-3.02%
11/13/2020,45.46,44.99,45.58,44.97,30.90M,1.13%
11/16/2020,46.19,46.04,46.75,45.79,36.31M,1.61%
11/17/2020,45.53,45.75,46.12,45.4,31.07M,-1.43%
11/18/2020,45.06,45.55,45.69,45.04,32.82M,-1.03%
11/19/2020,45.62,44.92,45.67,44.7,29.47M,1.24%
11/20/2020,45.39,45.66,45.88,45.33,24.20M,-0.50%
11/23/2020,46.06,45.48,46.21,45.45,35.49M,1.48%
11/24/2020,47.01,46.29,47.3,46.01,33.90M,2.06%
11/25/2020,47.05,47.03,47.18,46.57,28.13M,0.09%
11/27/2020,47.45,47.36,48.1,47.36,15.92M,0.85%
11/30/2020,48.35,47.42,48.5,47.26,46.33M,1.90%
12/1/2020,49.56,48.75,50.22,48.71,57.78M,2.50%
12/2/2020,49.9,49.22,50.06,49.18,33.75M,0.69%
12/3/2020,50.99,49.92,51.11,49.78,50.26M,2.18%
12/4/2020,51.99,51.06,52.65,51,39.77M,1.95%
12/7/2020,50.2,51,51.29,49.56,51.04M,-3.43%
12/8/2020,50.69,49.83,50.72,49.81,28.96M,0.98%
12/9/2020,50.07,50.28,50.84,49.73,34.07M,-1.22%
12/10/2020,50.26,49.66,50.72,49.59,33.71M,0.38%
12/11/2020,49.73,50.14,50.14,49.12,29.40M,-1.05%
12/14/2020,50.47,49.82,51.34,49.74,33.44M,1.49%
12/15/2020,50.67,50.98,51.01,50.21,25.47M,0.39%
12/16/2020,51.12,50.71,51.46,50.68,28.35M,0.90%
12/17/2020,50.65,51.15,51.32,50.22,26.40M,-0.92%
12/18/2020,47.46,50.57,50.68,47.11,119.30M,-6.30%
12/21/2020,46.36,46.32,46.45,45.24,53.78M,-2.32%
12/22/2020,46.17,46.25,46.34,45.76,32.19M,-0.41%
12/23/2020,46.57,46.17,47.03,46.07,22.56M,0.87%
12/24/2020,47.07,46.6,47.09,46.34,11.87M,1.07%
12/28/2020,47.07,47.19,47.63,46.86,21.27M,0.00%
12/29/2020,49.39,47.22,50.67,46.49,84.53M,4.93%
12/30/2020,48.75,49.11,49.19,48.56,37.39M,-1.30%
12/31/2020,49.82,48.75,50.19,48.72,28.58M,2.19%
1/4/2021,49.67,49.89,51.39,49.4,46.10M,-0.30%
1/5/2021,50.61,49.44,50.83,49.33,24.87M,1.89%
1/6/2021,51.1,50.44,52.15,50.2,36.81M,0.97%
1/7/2021,52.19,51.49,52.69,51.3,32.09M,2.13%
1/8/2021,51.65,52.45,52.53,51.27,34.63M,-1.03%
1/11/2021,51.54,51.29,52.24,51.25,32.93M,-0.21%
1/12/2021,53.24,51.9,53.85,51.56,39.88M,3.30%
1/13/2021,56.95,59.5,60.25,56.9,124.07M,6.97%
1/14/2021,59.25,58.45,60.14,57.84,74.68M,4.04%
1/15/2021,57.58,58.85,59.65,57.5,50.27M,-2.82%
1/19/2021,57.99,57.94,58.34,57.1,35.65M,0.71%
1/20/2021,58.67,58.24,59.22,58.09,28.70M,1.17%
1/21/2021,62.46,59.04,63.95,58.22,87.16M,6.46%
1/22/2021,56.66,58.85,59.62,56.65,85.73M,-9.29%
1/25/2021,55.44,56.38,56.5,54.06,61.97M,-2.15%
1/26/2021,55.21,55.28,56.2,54.85,31.49M,-0.41%
1/27/2021,53.59,54.61,54.85,53.3,49.72M,-2.93%
1/28/2021,56.06,54.79,57.4,54.7,49.20M,4.62%
1/29/2021,55.51,55.98,57.16,55.35,37.26M,-0.99%
2/1/2021,56.69,55.95,57.39,55.71,26.93M,2.13%
2/2/2021,58,57.19,58.28,56.88,23.58M,2.31%
2/3/2021,57.68,57.89,58.33,57.38,21.89M,-0.55%
2/4/2021,58.79,57.61,58.88,57.19,29.85M,1.92%
2/5/2021,58.18,59,59.08,58.12,23.43M,-1.04%
2/8/2021,59.16,58.38,59.22,57.95,34.36M,1.68%
2/9/2021,58.78,58.77,59.31,57.94,28.75M,-0.64%
2/10/2021,58.86,59.3,59.42,58.12,16.33M,0.14%
2/11/2021,60.66,59.1,60.99,58.86,27.54M,3.06%
2/12/2021,61.81,60.6,62.51,60.43,26.21M,1.90%
2/16/2021,62.47,62,62.87,61.7,26.33M,1.07%
2/17/2021,61.85,61.49,62.19,61.21,21.07M,-0.99%
2/18/2021,61.61,60.65,61.98,60.64,17.85M,-0.39%
2/19/2021,63.01,61.91,63.26,61.85,28.29M,2.27%
2/22/2021,60.71,61.88,62.7,60.66,32.29M,-3.65%
2/23/2021,61.12,60.48,61.49,59.17,27.37M,0.68%
2/24/2021,63.19,60.53,63.28,60.38,24.67M,3.39%
2/25/2021,60.4,62.4,63.54,60.13,36.39M,-4.42%
2/26/2021,60.78,60.89,61.69,59.68,38.22M,0.63%
3/1/2021,62.88,61.72,63.08,61.65,28.50M,3.46%
3/2/2021,61.24,62.8,63.14,61.11,23.32M,-2.61%
3/3/2021,59.9,60.64,61.52,59.7,28.74M,-2.19%
3/4/2021,58.33,59.83,60.24,57.9,40.21M,-2.62%
3/5/2021,60.74,59.26,61.17,58.51,39.51M,4.13%
3/8/2021,59.85,60.47,61.69,59.72,33.11M,-1.47%
3/9/2021,62.67,61.18,63.17,60.84,36.39M,4.71%
3/10/2021,62.25,63.22,64.12,62.13,27.16M,-0.67%
3/11/2021,63.31,62.94,64.09,62.39,30.70M,1.70%
3/12/2021,62.9,62.65,63.3,62.24,20.17M,-0.65%
3/15/2021,63.79,63.61,63.88,62.48,21.25M,1.41%
3/16/2021,64.78,64.15,65.73,64.08,30.19M,1.55%
3/17/2021,65.78,64.22,66.29,63.71,32.39M,1.54%
3/18/2021,63.72,65.63,65.7,63.65,30.11M,-3.12%
3/19/2021,63.76,63.18,64.99,62.92,54.95M,0.05%
3/22/2021,65.63,64.82,66.38,64.56,34.38M,2.93%
3/23/2021,63.48,66,66.05,63.17,35.16M,-3.28%
3/24/2021,62.04,66.58,67.44,61.99,74.58M,-2.27%
3/25/2021,62.02,61.65,62.44,60.97,35.40M,-0.03%
3/26/2021,64.87,61.8,64.97,61.77,34.71M,4.60%
3/29/2021,64.5,64.01,65.13,63.61,26.16M,-0.57%
3/30/2021,63.77,63.77,64,63.15,20.71M,-1.13%
3/31/2021,64,64.01,64.49,63.58,33.01M,0.36%
4/1/2021,64.55,64.72,64.89,63.58,31.42M,0.86%
4/5/2021,66.54,64.95,66.74,64.7,27.95M,3.08%
4/6/2021,65.56,66.06,66.57,65.29,28.77M,-1.47%
4/7/2021,66.25,65.67,66.57,65.36,17.79M,1.05%
4/8/2021,67.05,66.97,67.29,66.36,22.22M,1.21%
4/9/2021,68.26,66.8,68.4,66.63,27.18M,1.80%
4/12/2021,65.4,68.2,68.49,64.71,51.27M,-4.18%
4/13/2021,65.22,65.61,65.63,64.21,26.82M,-0.28%
4/14/2021,64.19,65.31,65.38,63.84,25.77M,-1.58%
4/15/2021,65.02,63.97,65.21,63.68,24.93M,1.29%
4/16/2021,64.75,65.33,65.52,64.57,24.63M,-0.42%
4/19/2021,63.63,64.7,64.74,63.07,24.00M,-1.73%
4/20/2021,62.7,63.64,63.76,62.41,19.87M,-1.46%
4/21/2021,63.7,62.79,63.78,62.3,24.36M,1.59%
4/22/2021,62.57,63.35,63.91,62.28,38.26M,-1.77%
4/23/2021,59.24,59.16,60,57.9,77.52M,-5.32%
4/26/2021,58.76,59.1,59.52,58.46,39.65M,-0.81%
4/27/2021,57.97,58.56,58.63,57.77,38.17M,-1.34%
4/28/2021,57.62,57.52,58.16,57.15,30.39M,-0.60%
4/29/2021,58.28,57.88,58.3,57.47,23.29M,1.15%
4/30/2021,57.53,57.61,58.43,57.07,30.73M,-1.29%
5/3/2021,57.26,57.85,57.88,56.84,22.28M,-0.47%
5/4/2021,56.9,56.88,56.98,55.81,35.32M,-0.63%
5/5/2021,56.85,56.96,57.3,56.46,21.00M,-0.09%
5/6/2021,57.19,56.62,57.25,56.24,25.53M,0.60%
5/7/2021,57.67,57.7,58.01,57.24,19.96M,0.84%
5/10/2021,55.97,57.15,57.23,55.88,35.05M,-2.95%
5/11/2021,55.04,55.05,55.63,54.3,35.97M,-1.66%
5/12/2021,53.62,54.39,54.65,53.42,30.23M,-2.58%
5/13/2021,54.01,54.04,54.39,53.46,29.19M,0.73%
5/14/2021,55.35,54.6,55.85,54.26,28.16M,2.48%
5/17/2021,55.33,55.29,55.89,54.76,20.01M,-0.04%
5/18/2021,54.84,55.95,56.14,54.8,18.70M,-0.89%
5/19/2021,55.36,54.07,55.43,53.84,23.77M,0.95%
5/20/2021,55.95,55.57,56.24,55.36,23.15M,1.07%
5/21/2021,56.08,56.42,56.71,55.98,17.72M,0.23%
5/24/2021,56.96,56.65,57.39,56.4,19.16M,1.57%
5/25/2021,56.87,57.56,57.56,56.42,22.31M,-0.16%
5/26/2021,56.92,57.05,57.23,56.58,15.17M,0.09%
5/27/2021,57.73,57.11,57.88,57,32.39M,1.42%
5/28/2021,57.12,57.55,57.65,56.94,20.31M,-1.06%
6/1/2021,56.89,57.61,57.82,56.59,20.33M,-0.40%
6/2/2021,57.48,56.91,57.69,56.76,18.48M,1.04%
6/3/2021,56.24,56.98,57.1,56.08,21.83M,-2.16%
6/4/2021,57.37,56.55,57.75,56.54,21.49M,2.01%
6/7/2021,57.09,57.41,57.44,56.78,17.36M,-0.49%
6/8/2021,57,57.45,57.64,56.6,33.25M,-0.16%
6/9/2021,57,57.36,57.47,56.97,13.90M,0.00%
6/10/2021,57.38,57.15,58.03,56.92,26.74M,0.67%
6/11/2021,57.85,57.47,57.94,56.95,18.12M,0.82%
6/14/2021,58.19,58.02,58.2,57.23,21.78M,0.59%
6/15/2021,57.99,58.21,58.42,57.8,20.81M,-0.34%
6/16/2021,57.22,58.15,58.37,56.76,21.88M,-1.33%
6/17/2021,57.18,57.05,57.9,56.7,21.50M,-0.07%
6/18/2021,55.67,56.68,56.75,55.1,55.12M,-2.64%
6/21/2021,55.87,55.75,56.04,55.37,19.25M,0.36%
6/22/2021,55.87,55.94,56.28,55.5,18.68M,0.00%
6/23/2021,55.26,55.87,55.97,55.23,20.29M,-1.09%
6/24/2021,56.07,55.49,56.1,55.34,21.21M,1.47%
6/25/2021,55.91,56.02,56.4,55.74,21.10M,-0.29%
6/28/2021,57.48,56.36,57.72,56.34,22.48M,2.81%
6/29/2021,56.75,57.55,57.83,55.88,26.36M,-1.27%
6/30/2021,56.14,56.34,56.38,55.39,29.89M,-1.07%
7/1/2021,56.01,56.13,56.64,55.87,24.87M,-0.23%
7/2/2021,56.76,56.55,56.99,56.32,17.22M,1.34%
7/6/2021,56.09,56.92,57.01,55.7,26.19M,-1.18%
7/7/2021,55.96,56.37,56.45,55.71,14.86M,-0.23%
7/8/2021,55.39,55.31,55.72,54.79,19.16M,-1.02%
7/9/2021,55.99,55.51,56.1,55.31,18.71M,1.08%
7/12/2021,56.73,56.26,56.76,56.11,15.39M,1.32%
7/13/2021,56.87,56.62,57.3,56.34,15.72M,0.25%
7/14/2021,56.52,57.17,57.46,56.33,16.26M,-0.62%
7/15/2021,55.81,56.4,56.4,55.57,18.92M,-1.26%
7/16/2021,54.97,56.05,56.93,54.9,25.26M,-1.51%
7/19/2021,54.64,54.41,54.81,53.97,27.01M,-0.60%
7/20/2021,55.24,54.92,55.56,54.27,19.87M,1.10%
7/21/2021,56.23,55.18,56.28,55.01,18.50M,1.79%
7/22/2021,55.96,56.06,56.54,55.68,36.69M,-0.48%
7/23/2021,53,54.58,54.71,52.32,67.74M,-5.29%
7/26/2021,54.31,52.81,54.54,52.76,32.88M,2.47%
7/27/2021,53.18,53.12,53.2,52.31,39.88M,-2.08%
7/28/2021,53.07,53.03,53.92,52.94,28.48M,-0.21%
7/29/2021,53.7,53.48,54.1,53.32,16.89M,1.19%
7/30/2021,53.72,53.65,53.9,53.25,16.47M,0.04%
8/2/2021,53.68,53.99,54.47,53.53,18.10M,-0.07%
8/3/2021,54.06,53.89,54.16,53.26,16.38M,0.71%
8/4/2021,53.9,54.25,54.44,53.7,17.61M,-0.30%
8/5/2021,53.89,53.99,54.02,53.58,15.31M,-0.02%
8/6/2021,53.92,53.86,54.13,53.73,19.26M,0.06%
8/9/2021,54.05,54.08,54.41,53.83,14.67M,0.24%
8/10/2021,53.94,54.24,54.38,53.51,16.22M,-0.20%
8/11/2021,54.14,54.26,54.36,53.84,18.59M,0.37%
8/12/2021,53.54,54.17,54.18,53.26,15.07M,-1.11%
8/13/2021,53.49,53.5,53.56,53.06,15.28M,-0.09%
8/16/2021,53.47,53.23,53.49,53,17.69M,-0.04%
8/17/2021,52.69,53.17,53.18,52.22,22.01M,-1.46%
8/18/2021,52.19,52.6,53.03,52.11,15.06M,-0.95%
8/19/2021,52.44,52.05,52.67,51.58,23.00M,0.48%
8/20/2021,52.01,52.16,52.38,51.42,25.73M,-0.82%
8/23/2021,53.23,52.59,53.53,52.48,23.98M,2.35%
8/24/2021,53.81,53.56,53.97,53.31,20.35M,1.09%
8/25/2021,53.81,54.08,54.23,53.73,15.05M,0.00%
8/26/2021,53.13,53.74,53.74,52.97,19.57M,-1.26%
8/27/2021,53.89,53.36,53.94,52.92,16.52M,1.43%
8/30/2021,53.94,54.26,54.87,53.76,14.58M,0.09%
8/31/2021,54.06,54.44,54.5,53.66,22.35M,0.22%
9/1/2021,53.67,54.11,54.15,53.53,18.62M,-0.72%
9/2/2021,53.73,53.8,53.89,53.35,15.88M,0.11%
9/3/2021,53.51,53.44,54.08,53.32,13.47M,-0.41%
9/7/2021,53.65,53.57,53.95,53.44,13.91M,0.26%
9/8/2021,53.57,53.73,53.92,52.99,18.24M,-0.15%
9/9/2021,53.4,53.66,53.89,53.34,13.50M,-0.32%
9/10/2021,53.84,53.85,54.98,53.81,20.32M,0.82%
9/13/2021,54.99,54.61,55.49,54.41,22.64M,2.14%
9/14/2021,54.52,55.37,55.44,54.27,22.07M,-0.85%
9/15/2021,55.12,54.67,55.15,54.42,18.80M,1.10%
9/16/2021,54.83,54.86,54.95,54.24,19.86M,-0.53%
9/17/2021,54.26,54.59,54.59,53.67,35.36M,-1.04%
9/20/2021,52.98,53.21,53.5,52.32,35.05M,-2.36%
9/21/2021,52.87,53.2,53.45,52.83,17.97M,-0.21%
9/22/2021,53.5,53.4,53.87,53,18.59M,1.19%
9/23/2021,54.03,53.75,54.3,53.6,16.47M,0.99%
9/24/2021,54.22,53.78,54.42,53.73,12.98M,0.35%
9/27/2021,54.66,53.94,54.87,53.82,13.90M,0.81%
9/28/2021,54,54.18,54.59,53.96,24.69M,-1.21%
9/29/2021,53.49,54,54.05,53.18,20.51M,-0.94%
9/30/2021,53.28,53.76,53.98,53.26,20.53M,-0.39%
10/1/2021,53.86,53.65,54.1,53.05,19.90M,1.09%
10/4/2021,53.47,53.93,54.33,53.08,27.35M,-0.72%
10/5/2021,53.95,53.55,54.34,53.47,18.13M,0.90%
10/6/2021,53.98,53.48,54.07,53.07,20.06M,0.06%
10/7/2021,54.18,54.32,54.99,54.12,20.70M,0.37%
10/8/2021,53.81,54.55,54.58,53.7,16.07M,-0.68%
10/11/2021,53.44,53.81,54.41,53.42,14.40M,-0.69%
10/12/2021,52.17,53.57,53.72,52.01,32.78M,-2.38%
10/13/2021,52.26,52.38,52.58,51.87,18.53M,0.17%
10/14/2021,53.9,52.9,54,52.73,26.59M,3.14%
10/15/2021,54.46,54.2,54.49,53.81,25.23M,1.04%
10/18/2021,54.47,54.19,54.56,53.72,22.41M,0.02%
10/19/2021,55.21,54.63,55.22,54.37,18.39M,1.36%
10/20/2021,55.37,55.25,55.49,55.08,16.85M,0.29%
10/21/2021,56,54.92,56.07,54.83,38.39M,1.14%
10/22/2021,49.46,50.39,50.55,49.14,109.97M,-11.68%
10/25/2021,49.41,49.83,50.07,49.31,43.18M,-0.10%
10/26/2021,48.28,49.4,49.44,47.93,68.41M,-2.29%
10/27/2021,47.89,48.52,48.82,47.87,41.08M,-0.81%
10/28/2021,48.08,48.14,48.36,47.88,31.32M,0.40%
10/29/2021,49,48.1,49.28,47.92,42.30M,1.91%
11/1/2021,49.55,49.4,49.6,49,28.01M,1.12%
11/2/2021,49.86,49.61,49.9,49.23,27.19M,0.63%
11/3/2021,50.39,49.93,50.45,49.71,23.96M,1.06%
11/4/2021,50.31,50.24,50.35,49.73,24.81M,-0.16%
11/5/2021,50.92,50.55,51.58,50.54,36.82M,1.21%
11/8/2021,51.55,51.46,51.99,51.06,31.65M,1.24%
11/9/2021,51.2,51.54,51.77,50.76,22.51M,-0.68%
11/10/2021,50.76,50.97,51.39,50.71,25.04M,-0.86%
11/11/2021,50.53,51.01,51.07,50.41,25.42M,-0.45%
11/12/2021,50.31,50.6,50.9,50.18,23.88M,-0.44%
11/15/2021,50.32,50.41,50.63,50.12,24.70M,0.02%
11/16/2021,50.61,50.37,51.15,50.34,30.93M,0.58%
11/17/2021,50.23,50.6,50.94,49.98,23.55M,-0.75%
11/18/2021,49.68,50.24,50.24,48.97,30.67M,-1.09%
11/19/2021,49.52,49.6,49.73,49.24,27.61M,-0.32%
11/22/2021,49.83,49.55,50.85,49.41,33.39M,0.63%
11/23/2021,49.1,50.16,50.45,48.64,44.71M,-1.46%
11/24/2021,49.76,48.85,49.78,48.63,26.04M,1.34%
11/26/2021,48.78,48.9,49.17,48.12,25.27M,-1.97%
11/29/2021,50,49.3,50.13,48.72,31.48M,2.50%
11/30/2021,49.2,49.5,50.4,48.68,49.46M,-1.60%
12/1/2021,48.6,49.84,50.31,48.52,35.13M,-1.22%
12/2/2021,49.5,48.61,49.79,48.33,37.24M,1.85%
12/3/2021,49.25,49.67,50.06,48.76,32.22M,-0.51%
12/6/2021,50.99,49.48,51.21,49.18,40.34M,3.53%
12/7/2021,52.57,54.66,55,52.21,91.73M,3.10%
12/8/2021,51.75,52.57,52.88,51.38,37.14M,-1.56%
12/9/2021,50.48,51.3,51.58,50.43,31.69M,-2.45%
12/10/2021,50.59,50.84,51.07,50.05,23.78M,0.22%
12/13/2021,50,50.85,51.02,49.95,35.73M,-1.17%
12/14/2021,49.7,49.82,50.27,49.32,34.12M,-0.60%
12/15/2021,50.67,49.87,50.78,49.33,32.59M,1.95%
12/16/2021,50.83,50.74,51.4,50.58,33.13M,0.32%
12/17/2021,50.62,50.59,51.02,50.01,50.19M,-0.41%
12/20/2021,49.6,49.91,50.13,48.96,30.14M,-2.02%
12/21/2021,50.77,49.94,50.84,49.94,31.96M,2.36%
12/22/2021,50.97,50.64,51.02,50.21,23.31M,0.39%
12/23/2021,51.31,51.08,51.73,51.05,25.20M,0.67%
12/27/2021,51.94,51.35,52.06,51.3,20.99M,1.23%
12/28/2021,51.76,51.93,52.12,51.63,19.29M,-0.35%
12/29/2021,51.83,51.81,52.14,51.66,14.17M,0.14%
12/30/2021,51.74,51.92,52.14,51.65,18.36M,-0.17%
12/31/2021,51.5,51.89,52.16,51.46,16.32M,-0.46%
1/3/2022,53.21,51.65,53.23,51.6,33.89M,3.32%
1/4/2022,53.14,53.57,53.94,52.65,45.68M,-0.13%
1/5/2022,53.87,54.19,56.17,53.83,59.11M,1.37%
1/6/2022,54.01,54.61,54.67,53.42,35.76M,0.26%
1/7/2022,53.44,54.19,54.39,53.15,30.72M,-1.06%
1/10/2022,55.21,53.97,55.31,53.31,49.26M,3.31%
1/11/2022,55.91,55.5,56.08,54.73,39.80M,1.27%
1/12/2022,55.74,56.14,56.28,54.81,29.14M,-0.30%
1/13/2022,54.94,56,56.21,54.77,29.61M,-1.44%
1/14/2022,55.7,54.85,55.77,54.53,30.15M,1.38%
1/18/2022,54.76,55.31,55.65,54.68,35.33M,-1.69%
1/19/2022,53.62,54.63,54.85,53.56,30.60M,-2.08%
1/20/2022,52.04,53.86,54.08,51.94,28.58M,-2.95%
1/21/2022,52.04,52.08,53.13,51.95,46.37M,0.00%
1/24/2022,51.94,51.48,52.13,49.88,64.27M,-0.19%
1/25/2022,51,51.01,51.62,50.25,44.10M,-1.81%
1/26/2022,51.69,51.13,52.72,50.75,54.90M,1.35%
1/27/2022,48.05,49.98,50.06,47.78,89.64M,-7.04%
1/28/2022,47.73,47.71,48.2,46.3,61.95M,-0.67%
1/31/2022,48.82,47.68,48.87,47.31,51.83M,2.28%
2/1/2022,48.95,48.78,49.03,48.36,35.39M,0.27%
2/2/2022,49.51,48.24,49.58,48.09,37.96M,1.14%
2/3/2022,48.28,49.25,49.69,48.25,42.15M,-2.48%
2/4/2022,48.01,47.86,48.24,47.13,32.43M,-0.56%
2/7/2022,48.18,48.13,48.66,47.96,27.56M,0.35%
2/8/2022,48.81,47.98,48.94,47.9,28.05M,1.31%
2/9/2022,49.91,49.33,49.97,48.83,35.22M,2.25%
2/10/2022,48.86,49.18,49.93,48.76,32.76M,-2.10%
2/11/2022,47.63,48.95,49.11,47.5,37.21M,-2.52%
2/14/2022,47.58,47.92,48.18,47.11,28.46M,-0.10%
2/15/2022,48.44,47.7,48.46,47.19,35.86M,1.81%
2/16/2022,48.23,48.06,48.49,47.6,26.02M,-0.43%
2/17/2022,47.57,47.86,48.26,47.38,32.03M,-1.37%
2/18/2022,45.04,46.19,46.21,44.51,76.52M,-5.32%
2/22/2022,44.69,44.69,45.4,43.85,57.09M,-0.78%
2/23/2022,44.65,45.17,45.71,44.55,38.18M,-0.09%
2/24/2022,46.72,43.9,46.79,43.63,72.74M,4.64%
2/25/2022,47.71,46.93,47.79,46.25,39.27M,2.12%
2/28/2022,47.7,47,47.82,46.85,41.95M,-0.02%
3/1/2022,46.82,47.54,47.9,46.22,53.85M,-1.84%
3/2/2022,48.87,47.52,48.99,47.48,46.94M,4.38%
3/3/2022,47.93,48.18,48.55,47.62,36.39M,-1.92%
3/4/2022,48.07,47.37,48.26,47.37,38.32M,0.29%
3/7/2022,47.68,48.01,48.54,47.6,43.81M,-0.81%
3/8/2022,47.5,47.69,48.72,46.89,44.81M,-0.38%
3/9/2022,47.63,48.41,48.46,46.88,36.08M,0.27%
3/10/2022,46.66,47.29,47.31,46.15,36.46M,-2.04%
3/11/2022,45.83,47.15,47.28,45.76,27.08M,-1.78%
3/14/2022,44.4,45.9,45.98,44.3,35.99M,-3.12%
3/15/2022,44.81,44.5,44.9,44.07,34.45M,0.92%
3/16/2022,46.63,45.3,46.63,45.27,38.89M,4.06%
3/17/2022,47.14,46.32,47.29,45.73,28.55M,1.09%
3/18/2022,47.45,46.82,47.6,46.35,46.24M,0.66%
3/21/2022,47.39,47.46,47.89,47.06,32.91M,-0.13%
3/22/2022,48.39,47.5,48.47,47.4,27.92M,2.11%
3/23/2022,48.27,48.46,49.58,48.06,37.13M,-0.25%
3/24/2022,51.62,48.66,51.65,48.59,51.68M,6.94%
3/25/2022,51.83,50.69,51.98,50.45,33.25M,0.41%
3/28/2022,51.51,51.36,51.57,50.56,22.93M,-0.62%
3/29/2022,52.25,52,52.29,51.28,27.30M,1.44%
3/30/2022,51.43,52.25,52.51,51.22,24.62M,-1.57%
3/31/2022,49.56,51.2,51.26,49.51,43.70M,-3.64%
4/1/2022,48.11,49.83,49.9,47.33,46.60M,-2.93%
4/4/2022,49.2,48.17,49.23,47.92,23.81M,2.27%
4/5/2022,48.13,48.83,48.98,48.02,25.78M,-2.17%
4/6/2022,47.54,47.44,48.17,47.24,31.52M,-1.23%
4/7/2022,47.56,47.42,47.91,46.77,24.12M,0.04%
4/8/2022,47.02,47.28,47.58,46.85,22.17M,-1.14%
4/11/2022,46.57,46.9,47.29,46.53,30.35M,-0.96%
4/12/2022,46.5,47.32,47.91,46.41,29.86M,-0.15%
4/13/2022,47.01,46.75,47.27,46.55,22.17M,1.10%
4/14/2022,45.67,46.74,46.75,45.62,36.18M,-2.85%
4/18/2022,46.64,45.53,46.89,45.52,25.59M,2.12%
4/19/2022,47.93,46.6,48,46.34,31.48M,2.77%
4/20/2022,48.11,48.36,48.75,47.97,22.79M,0.38%
4/21/2022,47.5,48.62,48.9,47.4,27.32M,-1.27%
4/22/2022,46.54,47.45,47.65,46.5,28.22M,-2.02%
4/25/2022,47.06,46.21,47.14,46.18,36.00M,1.12%
4/26/2022,45.52,46.69,46.84,45.51,35.36M,-3.27%
4/27/2022,45.22,45.48,46.06,45.01,28.32M,-0.66%
4/28/2022,46.84,45.78,47.27,45.54,41.10M,3.58%
4/29/2022,43.59,44.99,45.36,43.5,70.77M,-6.94%
5/2/2022,44.96,43.72,44.99,43.51,45.45M,3.14%
5/3/2022,45.06,44.79,45.49,44.23,40.16M,0.22%
5/4/2022,46.54,45.06,46.64,44.41,44.63M,3.28%
5/5/2022,44.6,45.6,45.91,44.13,53.00M,-4.17%
5/6/2022,44.3,44.49,45.15,43.84,40.92M,-0.67%
5/9/2022,43.07,43.81,44.2,42.87,44.93M,-2.78%
5/10/2022,44.01,44.35,44.74,43.5,42.77M,2.18%
5/11/2022,42.83,44.02,44.29,42.78,40.35M,-2.68%
5/12/2022,42.84,42.73,42.9,42.01,42.33M,0.02%
5/13/2022,43.6,43.42,43.84,42.97,32.03M,1.77%
5/16/2022,43.08,43.42,43.61,42.78,25.07M,-1.19%
5/17/2022,44.4,43.82,44.42,43.65,28.60M,3.06%
5/18/2022,42.35,43.98,43.98,42.22,35.22M,-4.62%
5/19/2022,42.01,42.32,42.7,41.72,29.18M,-0.80%
5/20/2022,41.65,42.24,42.29,40.31,44.80M,-0.86%
5/23/2022,42,41.69,42.25,41.33,27.20M,0.84%
5/24/2022,41.67,41.7,41.89,41.1,29.84M,-0.79%
5/25/2022,42.2,41.44,42.51,41.39,26.28M,1.27%
5/26/2022,43.48,42.17,43.68,42.08,28.83M,3.03%
5/27/2022,44.55,43.59,44.55,43.55,30.55M,2.46%
5/31/2022,44.42,44.25,44.75,43.65,41.11M,-0.29%
6/1/2022,44.11,44.77,44.93,43.53,29.89M,-0.70%
6/2/2022,44.84,44.19,44.88,43.94,28.73M,1.65%
6/3/2022,43.39,44.1,44.25,43.34,33.17M,-3.23%
6/6/2022,43.34,43.81,44.04,43.08,25.44M,-0.12%
6/7/2022,43.53,43.06,43.59,42.66,25.17M,0.44%
6/8/2022,41.23,42.25,42.26,41.03,59.65M,-5.28%
6/9/2022,40.01,41.01,41.35,40.01,39.05M,-2.96%
6/10/2022,39.18,39.85,40.08,39.18,43.08M,-2.07%
6/13/2022,37.77,38.55,38.81,37.67,50.34M,-3.60%
6/14/2022,37.93,38.01,38.2,37.54,31.35M,0.42%
6/15/2022,38.65,38.56,39.17,37.92,37.65M,1.90%
6/16/2022,37.34,37.69,37.79,36.93,45.58M,-3.39%
6/17/2022,36.97,37.48,38.12,36.6,71.39M,-0.99%
6/21/2022,37.73,37.36,38.03,37.33,34.00M,2.06%
6/22/2022,37.38,37.33,37.77,37.22,32.59M,-0.93%
6/23/2022,37.41,37.61,37.62,36.91,30.16M,0.08%
6/24/2022,38.61,37.85,38.64,37.74,38.16M,3.21%
6/27/2022,38.63,38.87,39.06,38.47,29.59M,0.05%
6/28/2022,37.78,38.58,39.02,37.74,37.84M,-2.20%
6/29/2022,37.29,37.54,37.6,37.02,25.44M,-1.30%
6/30/2022,37.41,37.21,38,36.72,35.14M,0.32%
7/1/2022,36.34,37.09,37.2,35.88,40.60M,-2.86%
7/5/2022,36.69,35.93,36.74,35.54,33.23M,0.96%
7/6/2022,36.99,36.82,37.42,36.46,26.26M,0.82%
7/7/2022,38.14,37.89,38.33,37.73,33.17M,3.11%
7/8/2022,37.99,37.66,38.14,37.39,22.57M,-0.39%
7/11/2022,37.2,37.66,37.67,37.03,25.95M,-2.08%
7/12/2022,37.21,37.65,37.7,36.99,30.55M,0.03%
7/13/2022,37.21,36.68,37.43,36.62,27.06M,0.00%
7/14/2022,37.71,36.99,38.15,36.29,36.69M,1.34%
7/15/2022,38.62,38.27,38.67,37.73,32.89M,2.41%
7/18/2022,38.71,39.1,39.34,38.53,30.81M,0.23%
7/19/2022,40.22,39.32,40.73,39.24,53.10M,3.90%
7/20/2022,40.56,40.21,40.67,39.56,36.39M,0.85%
7/21/2022,40.61,40.51,40.65,39.82,29.66M,0.12%
7/22/2022,39.2,40.37,40.51,38.94,41.35M,-3.47%
7/25/2022,39.16,39.28,39.41,38.55,32.26M,-0.10%
7/26/2022,38.96,39.1,39.56,38.88,35.93M,-0.51%
7/27/2022,40.18,39.27,40.42,39.23,42.57M,3.13%
7/28/2022,39.71,40.09,40.12,39.04,56.66M,-1.17%
7/29/2022,36.31,35.6,36.62,35.24,125.29M,-8.56%
8/1/2022,36.96,36.05,37.69,36.05,52.51M,1.79%
8/2/2022,36.01,36.59,36.66,36,53.93M,-2.57%
8/3/2022,36.52,36.09,36.59,35.26,59.51M,1.42%
8/4/2022,35.66,36.01,36.1,35.36,54.05M,-2.35%
8/5/2022,35.39,35.35,35.69,35.18,40.21M,-0.76%
8/8/2022,35.38,35.36,35.96,35.2,41.60M,-0.03%
8/9/2022,34.52,35.22,35.3,34.4,48.20M,-2.43%
8/10/2022,35.37,34.99,35.4,34.59,42.24M,2.46%
8/11/2022,35.59,35.64,36.29,35.49,35.57M,0.62%
8/12/2022,36.11,35.8,36.14,35.67,37.68M,1.46%
8/15/2022,36.34,36.1,36.43,35.71,25.40M,0.64%
8/16/2022,36.19,36.16,36.58,35.7,25.00M,-0.41%
8/17/2022,35.78,35.81,36.08,35.27,29.18M,-1.13%
8/18/2022,36.2,35.68,36.33,35.57,24.60M,1.17%
8/19/2022,35.38,35.8,36.03,35.19,31.43M,-2.27%
8/22/2022,33.84,35,35.06,33.73,51.01M,-4.35%
8/23/2022,33.95,33.98,34.39,33.91,30.69M,0.33%
8/24/2022,33.86,33.97,33.99,33.6,25.11M,-0.27%
8/25/2022,34.89,33.87,34.93,33.82,29.80M,3.04%
8/26/2022,33.36,34.95,35.03,33.35,44.85M,-4.39%
8/29/2022,32.94,33.22,33.41,32.81,32.98M,-1.26%
8/30/2022,32.26,33.04,33.07,32.15,40.18M,-2.06%
8/31/2022,31.92,32.38,32.38,31.77,44.07M,-1.05%
9/1/2022,31.76,31.57,31.83,31.13,36.44M,-0.50%
9/2/2022,31.22,32.21,32.38,31.06,34.89M,-1.70%
9/6/2022,30.36,31.39,31.39,30.33,46.99M,-2.75%
9/7/2022,30.65,30.42,30.78,30.05,37.33M,0.96%
9/8/2022,30.75,30.37,30.85,29.91,37.36M,0.33%
9/9/2022,31.46,31.19,31.5,31.08,34.08M,2.31%
9/12/2022,31.56,31.74,31.86,31.1,38.31M,0.32%
9/13/2022,29.29,30.83,30.93,29.25,71.42M,-7.19%
9/14/2022,29.18,29.55,29.76,29.01,40.77M,-0.38%
9/15/2022,28.84,29.15,29.41,28.71,39.92M,-1.17%
9/16/2022,29.24,28.7,29.32,28.42,72.75M,1.39%
9/19/2022,29.44,29.02,29.5,28.9,33.15M,0.68%
9/20/2022,28.96,29.07,29.17,28.71,31.13M,-1.63%
9/21/2022,28.47,29.15,29.59,28.46,39.98M,-1.69%
9/22/2022,28.07,28.4,28.5,28.04,36.09M,-1.40%
9/23/2022,27.52,27.9,27.9,27.19,43.49M,-1.96%
9/26/2022,26.97,27.56,27.7,26.86,44.79M,-2.00%
9/27/2022,26.89,27.4,27.59,26.62,44.12M,-0.30%
9/28/2022,27.13,26.86,27.28,26.6,40.43M,0.89%
9/29/2022,26.38,26.78,26.78,26.18,41.83M,-2.76%
9/30/2022,25.77,26.3,26.57,25.74,43.82M,-2.31%
10/3/2022,26.97,26.33,27.25,26.07,44.10M,4.66%
10/4/2022,27.7,27.42,27.8,27.09,42.43M,2.71%
10/5/2022,27.64,27.36,27.84,26.89,30.12M,-0.22%
10/6/2022,27.18,27.44,27.76,27,33.99M,-1.66%
10/7/2022,25.72,26.17,26.27,25.65,57.22M,-5.37%
10/10/2022,25.2,25.94,25.99,25.09,43.41M,-2.02%
10/11/2022,25.04,25.01,25.48,24.69,48.13M,-0.63%
10/12/2022,25.33,25.05,25.52,24.66,39.63M,1.16%
10/13/2022,26.42,24.73,26.83,24.59,62.45M,4.30%
10/14/2022,25.91,26.46,26.63,25.76,48.19M,-1.93%
10/17/2022,26.42,26.31,26.75,26.17,39.42M,1.97%
10/18/2022,25.87,26.74,26.95,25.54,51.13M,-2.08%
10/19/2022,26,25.74,26.25,25.69,33.88M,0.50%
10/20/2022,26.08,26.15,26.95,25.94,33.25M,0.31%
10/21/2022,26.97,25.85,27.05,25.79,53.06M,3.41%
10/24/2022,27.18,26.75,27.48,26.52,43.83M,0.78%
10/25/2022,27.41,27.18,27.56,27,32.21M,0.85%
10/26/2022,27.21,27.19,27.8,26.99,37.15M,-0.73%
10/27/2022,26.27,27.45,27.59,26.13,56.31M,-3.45%
10/28/2022,29.07,28.17,29.22,27.86,91.70M,10.66%
10/31/2022,28.43,29.08,29.18,28.05,59.51M,-2.20%
11/1/2022,28.3,28.8,28.85,27.89,44.42M,-0.46%
11/2/2022,27.42,28.27,28.85,27.41,51.96M,-3.11%
11/3/2022,27.39,27.45,27.88,27.17,39.68M,-0.11%
11/4/2022,28.2,27.57,28.24,27.41,43.05M,2.96%
11/7/2022,28.41,28.36,28.47,27.89,34.39M,0.74%
11/8/2022,28.48,28.75,28.95,27.93,36.26M,0.25%
11/9/2022,27.52,28.22,28.3,27.52,30.54M,-3.37%
11/10/2022,29.76,28.88,29.83,28.65,62.94M,8.14%
11/11/2022,30.43,28.92,30.63,28.87,49.83M,2.25%
11/14/2022,30.35,30.34,30.99,30.18,39.40M,-0.26%
11/15/2022,30.71,31.09,31.33,30.17,40.93M,1.19%
11/16/2022,29.53,30.11,30.23,29.44,35.58M,-3.84%
11/17/2022,29.89,29.07,29.95,29,31.99M,1.22%
11/18/2022,29.87,30.26,30.26,29.61,27.12M,-0.07%
11/21/2022,28.94,29.66,29.72,28.91,36.09M,-3.11%
11/22/2022,29.82,29.14,29.86,29.06,25.58M,3.04%
11/23/2022,29.67,29.73,30.08,29.49,23.14M,-0.50%
11/25/2022,29.34,29.68,29.68,29.33,11.31M,-1.11%
11/28/2022,28.73,29.1,29.19,28.54,28.28M,-2.10%
11/29/2022,28.9,28.85,29.18,28.74,24.36M,0.61%
11/30/2022,30.07,28.77,30.08,28.22,72.07M,4.05%
12/1/2022,29.83,30.24,30.48,29.52,38.90M,-0.80%
12/2/2022,29.41,29.17,29.43,28.71,31.55M,-1.41%
12/5/2022,29.17,29.42,29.75,28.89,33.87M,-0.82%
12/6/2022,28.6,29.19,29.31,28.34,27.55M,-1.95%
12/7/2022,28.33,28.28,28.55,28.15,28.07M,-0.94%
12/8/2022,28.44,28.32,28.6,28.07,28.37M,0.39%
12/9/2022,28.24,28.39,28.78,28.19,25.64M,-0.70%
12/12/2022,28.69,28.13,28.71,27.86,35.03M,1.59%
12/13/2022,28.73,29.79,30.09,28.37,57.78M,0.14%
12/14/2022,28.26,28.51,29.12,28.01,37.14M,-1.64%
12/15/2022,27.15,27.94,28,27.12,45.33M,-3.93%
12/16/2022,26.92,27,27.14,26.45,81.10M,-0.85%
12/19/2022,26.79,26.9,26.97,26.5,37.52M,-0.48%
12/20/2022,26.44,26.53,26.87,26.42,31.77M,-1.31%
12/21/2022,26.83,26.59,26.97,26.58,27.84M,1.48%
12/22/2022,25.97,26.45,26.45,25.35,47.31M,-3.21%
12/23/2022,26.09,25.92,26.19,25.68,23.60M,0.46%
12/27/2022,25.94,25.84,26.1,25.65,29.22M,-0.57%
12/28/2022,25.54,25.84,26.11,25.5,25.69M,-1.54%
12/29/2022,26.21,25.77,26.29,25.75,30.59M,2.62%
12/30/2022,26.43,25.9,26.46,25.8,31.03M,0.84%
1/3/2023,26.73,27.05,27.07,26.37,30.58M,1.14%
1/4/2023,27.68,27.41,27.92,27.16,37.41M,3.55%
1/5/2023,27.56,27.43,27.78,27.38,32.84M,-0.43%
1/6/2023,28.73,27.93,28.83,27.38,31.79M,4.25%
1/9/2023,29.31,28.84,29.86,28.84,37.31M,2.02%
1/10/2023,29.44,29.24,29.51,28.92,22.98M,0.44%
1/11/2023,29.85,29.68,29.88,29,30.12M,1.39%
1/12/2023,30.29,29.98,30.38,29.47,28.87M,1.47%
1/13/2023,30.11,29.97,30.17,29.81,31.36M,-0.59%
1/17/2023,29.6,30.18,30.26,29.52,34.39M,-1.69%
1/18/2023,28.81,29.8,29.82,28.63,44.20M,-2.67%
1/19/2023,28.42,28.61,28.75,28.24,36.75M,-1.35%
1/20/2023,29.22,28.42,29.23,28.25,35.16M,2.81%
1/23/2023,30.27,29.33,30.49,29.18,38.48M,3.59%
1/24/2023,29.92,29.94,30.19,29.73,24.68M,-1.16%
1/25/2023,29.7,29.52,29.89,29.17,28.12M,-0.74%
1/26/2023,30.09,30.06,30.11,29.33,49.33M,1.31%
1/27/2023,28.16,27.07,28.24,26.78,148.55M,-6.41%
1/30/2023,27.95,27.72,28.51,27.67,54.84M,-0.75%
1/31/2023,28.26,27.78,28.29,27.53,52.62M,1.11%
2/1/2023,29.07,27.89,29.43,27.68,62.76M,2.87%
2/2/2023,30.19,29.25,30.3,28.8,61.69M,3.85%
2/3/2023,30.32,29.62,31.17,29.53,57.60M,0.43%
2/6/2023,28.69,29.55,29.65,28.61,48.59M,-5.38%
2/7/2023,29.05,28.65,29.27,28.43,50.51M,1.25%
2/8/2023,28.24,28.95,29.12,28.21,36.40M,-2.79%
2/9/2023,27.73,28.68,28.82,27.57,43.82M,-1.81%
2/10/2023,27.8,27.63,27.99,27.33,31.23M,0.25%
2/13/2023,28.55,27.87,28.55,27.72,32.22M,2.70%
2/14/2023,28.64,28.38,28.72,27.99,27.93M,0.32%
2/15/2023,28.85,28.36,28.88,28.16,23.30M,0.73%
2/16/2023,28.2,28.5,28.83,28.13,28.90M,-2.25%
2/17/2023,27.61,28,28.07,27.38,32.09M,-2.09%
2/21/2023,26.06,27.11,27.27,26.04,63.67M,-5.61%
2/22/2023,25.47,25.91,26.9,25.3,89.20M,-2.26%
2/23/2023,25.61,25.78,26.08,25.32,56.47M,0.55%
2/24/2023,25.14,25.22,25.35,24.92,44.09M,-1.84%
2/27/2023,24.9,25.55,25.58,24.88,37.66M,-0.95%
2/28/2023,24.93,24.94,25.12,24.73,50.26M,0.12%
3/1/2023,25.33,25.03,25.92,24.97,47.74M,1.60%
3/2/2023,26.2,25.21,26.3,25.12,48.26M,3.43%
3/3/2023,26.4,26.2,26.48,26.01,36.69M,0.76%
3/6/2023,25.99,26.47,26.54,25.93,37.88M,-1.55%
3/7/2023,25.53,25.84,25.99,25.5,43.16M,-1.77%
3/8/2023,25.98,25.56,26.01,25.45,36.07M,1.76%
3/9/2023,26.44,25.98,26.98,25.97,54.82M,1.77%
3/10/2023,27.22,26.55,27.52,26.32,65.19M,2.95%
3/13/2023,26.95,26.74,27.31,26.61,50.98M,-0.99%
3/14/2023,28.01,27.35,28.1,27.25,47.40M,3.93%
3/15/2023,28.41,27.73,28.5,27.66,48.87M,1.43%
3/16/2023,30.18,28.39,30.27,28.39,75.41M,6.23%
3/17/2023,29.81,29.92,31,29.44,80.63M,-1.23%
3/20/2023,29.16,29.8,29.9,28.63,38.70M,-2.18%
3/21/2023,28.46,29,29.17,27.98,55.30M,-2.40%
3/22/2023,28.13,28.48,29.12,28.1,37.29M,-1.16%
3/23/2023,29.03,28.38,29.16,28.22,43.68M,3.20%
3/24/2023,29.36,29.04,29.81,28.92,55.93M,1.14%
3/27/2023,29.18,29.37,29.73,29.08,34.70M,-0.61%
3/28/2023,29.29,29.08,29.33,28.63,37.35M,0.38%
3/29/2023,31.52,29.77,31.89,29.75,85.56M,7.61%
3/30/2023,32.09,31.85,32.58,31.81,69.82M,1.81%
3/31/2023,32.67,31.8,32.9,31.73,59.72M,1.81%
4/3/2023,32.89,32.94,33.56,32.54,56.97M,0.67%
4/4/2023,33.1,32.85,33.84,32.84,55.68M,0.64%
4/5/2023,32.83,32.79,32.99,32.33,39.55M,-0.82%
4/6/2023,32.81,32.6,33,32.46,28.55M,-0.06%
4/10/2023,32.52,32.6,32.76,32.2,30.51M,-0.88%
4/11/2023,32.35,32.66,33.11,32.32,27.00M,-0.52%
4/12/2023,32.02,32.77,32.89,31.96,37.07M,-1.02%
4/13/2023,32.13,31.82,32.43,31.65,29.69M,0.34%
4/14/2023,31.89,32,32.24,31.69,24.62M,-0.75%
4/17/2023,32.14,31.95,32.64,31.77,29.60M,0.78%
4/18/2023,31.83,32.43,32.46,31.78,25.58M,-0.96%
4/19/2023,31.15,31.1,31.52,31.08,25.53M,-2.14%
4/20/2023,30.86,30.76,31.25,30.71,30.11M,-0.93%
4/21/2023,30.3,30.84,30.84,30.23,28.66M,-1.81%
4/24/2023,29.66,30.13,30.37,29.61,38.59M,-2.11%
4/25/2023,28.88,29.44,29.57,28.87,37.65M,-2.63%
4/26/2023,29.05,29.2,29.81,28.83,40.91M,0.59%
4/27/2023,29.86,28.75,29.94,28.51,56.02M,2.79%
4/28/2023,31.06,31.98,32.57,30.81,80.25M,4.02%
5/1/2023,30.3,31.11,31.24,30.28,36.88M,-2.45%
5/2/2023,29.77,30.3,30.58,29.75,33.46M,-1.75%
5/3/2023,30.65,30.64,31.11,30.25,45.39M,2.96%
5/4/2023,31.24,30.43,31.72,30.38,45.99M,1.92%
5/5/2023,30.99,31.38,31.41,30.73,35.02M,-0.80%
5/8/2023,30.77,30.7,30.84,30.39,30.88M,-0.71%
5/9/2023,30.1,30.38,30.58,29.91,30.71M,-2.18%
5/10/2023,29.97,30.29,30.4,29.49,40.53M,-0.43%
5/11/2023,28.86,29.6,29.68,28.82,47.14M,-3.70%
5/12/2023,28.95,29.02,29.1,28.72,24.15M,0.31%
5/15/2023,29.8,28.9,29.83,28.88,28.67M,2.94%
5/16/2023,29.22,29.62,29.9,29.21,22.81M,-1.95%
5/17/2023,28.87,29.52,29.56,28.68,41.67M,-1.20%
5/18/2023,29.68,29,29.76,28.87,36.41M,2.81%
5/19/2023,29.93,29.6,30.24,29.5,40.63M,0.84%
5/22/2023,30.28,29.85,30.45,29.82,28.01M,1.17%
5/23/2023,29.51,30.05,30.19,29.49,29.31M,-2.54%
5/24/2023,29,29.31,29.49,28.82,26.58M,-1.73%
5/25/2023,27.4,28.29,28.29,26.85,77.20M,-5.52%
5/26/2023,29,27.44,29.09,27.1,71.83M,5.84%
